location,plz,rooms,space,price
Bern,3018,3,72,1590
Bern,3006,3.5,85,2200
Bern,3008,4,82,2130
Bern,3011,3,97,2450
Bern,3027,3.5,95,2160
Bern,3006,6.5,147,4260
Bern,3006,4.5,98,2900
Bern,3011,4,80,2900
Bern,3014,3,73,2240
Bern,3006,3,95,2920
Bern,3013,4.5,95,2650
Bern,3012,4,87,2160
Bern,3027,3.5,60,1780
Bern,3006,2.5,63,2650
Bern,3006,3.5,78,2400
Bern,3018,4.5,100,2860
Bern,3008,3.5,127,2800
Bern,3006,2.5,52,1790
Bern,3005,3.5,90,2500
Bern,3012,4.5,92,2850
Bern,3006,1,27,1070
Bern,3006,3,92,2680
Bern,3018,3.5,64,1570
Bern,3011,3,85,1850
Bern,3013,3,64,2161
Bern,3006,4,110,3850
Bern,3018,3.5,80,2190
Bern,3007,3.5,85,2350
Bern,3014,3.5,65,1701
Bern,3027,3,76,1410
Bern,3006,2.5,59,1550
Bern,3008,4.5,93,2370
Bern,3012,3,73,2195
Bern,3015,2.5,66,2101
Bern,3018,3,70,1655
Bern,3018,3.5,73,1860
Bern,3014,4,105,2250
Bern,3011,4,260,5450
Bern,3015,4,104,2500
Bern,3012,2,185,1981
Bern,3007,3.5,85,1745
Bern,3007,3.5,90,2020
Bern,3008,3.5,83,2130
Bern,3008,3.5,77,2390
Bern,3008,3.5,82,2490
Bern,3008,2.5,65,1620
Bern,3008,3,75,1790
Bern,3011,6.5,188,5490
Bern,3005,4.5,130,3970
Bern,3012,5.5,141,3440
Bern,3006,3,62,1590
Bern,3006,2.5,91,2320
Bern,3008,4.5,96,2420
Bern,3007,4.5,100,2580
Bern,3011,2,72,2700
Bern,3005,4.5,100,3140
Bern,3007,3,64,2050
Bern,3004,4,78,2000
Bern,3013,3.5,99,2450
Bern,3015,3.5,96,2370
Bern,3012,3.5,76,2365
Bern,3018,4,101,2160
Bern,3014,4,81,2240
Bern,3007,4,112,3190
Bern,3011,2,50,1950
Bern,3013,4.5,70,2100
Bern,3006,7.5,195,4945
Hinterkappelen,3032,5.5,128,2450
Bern,3008,4.5,123,2720
Bern,3018,3.5,74,1880
Bern,3005,3.5,98,2790
Bern,3005,3.5,100,3140
Bern,3015,4.5,102,2600
Bern,3011,2.5,76,3190
Bern,3005,3,122,1995
Bern,3007,3,66,1890
Bern,3011,3.5,116,3750
Bern,3012,3.5,92,2740
Bern,3011,5,195,5470
Bern,3012,2,45,1470
Bern,3018,2.5,92,2170
Bern,3014,3.5,75,1860
Bern,3014,3,63,1758
Bern,3018,3.5,92,1950
Bern,3011,3.5,72,2745
Bern,3027,3,69,1690
Bern,3013,2,49,1490
Bern,3008,2.5,56,1655
Bern,3004,2.5,61,1600
Bern,3014,3,78,1890
Bern,3007,1,22,1050
Bern,3011,2.5,66,1880
Bern,3006,1,25,1085
Bern,3018,3,61,1710
Bern,3007,2,54,1380
Bern,3018,2.5,58,1490
Bern,3013,3,77,1995
Bern,3008,4.5,112,2760
Bern,3006,2,60,1520
Hinterkappelen,3032,5.5,128,2420
Bern,3011,2.5,135,2976
Bern,3008,3.5,90,2485
Bern,3027,3.5,109,2400
Bern,3014,3,54,1980
Bern,3008,2,48,1440
Bern,3013,2,52,1550
Bern,3008,3,76,2030
Bern,3008,4.5,100,2700
Bern,3008,4.5,107,2710
Bern,3027,3.5,78,2075
Bern,3008,4.5,112,2620
Bern,3007,3,74,2100
Bern,3015,3.5,93,2699
Bern,3013,5.5,162,5490
Bern,3007,4.5,95,2050
Bern,3008,3,61,1630
Bern,3018,3.5,78,1850
Bern,3018,3.5,75,1660
Bern,3006,4,124,3170
Bern,3013,3.5,110,3900
Bern,3018,3.5,82,2520
Bern,3006,4.5,128,3403
Bern,3012,1,30,1300
Bern,3027,2.5,60,1554
Bern,3014,2,65,2200
Bern,3012,3,57,1550
Bern,3012,2.5,55,1900
Bern,3015,1.5,50,1550
Bern,3006,2,58,1550
Bern,3013,4.5,130,2960
Bern,3013,2.5,66,1910
Bern,3008,2,48,1480
Bern,3006,4.5,96,2405
Bern,3006,4,94,2070
Bern,3007,2,60,1930
Bern,3007,4.5,106,3360
Bern,3012,3,64,1990
Bern,3014,3.5,104,2110
Bern,3012,3.5,111,2970
Bern,3018,2.5,53,1490
Bern,3005,4,126,3320
Bern,3014,4,92,2170
Bern,3018,2.5,55,1550
Bern,3027,4.5,87,2310
Bern,3027,3.5,76,2195
Bern,3027,4.5,85,2390
Bern,3014,3.5,84,2291
Bern,3027,3.5,74,2140
Bern,3006,2.5,49,1790
Bern,3027,3,75,1490
Bern,3027,4.5,87,2410
Bern,3011,2,95,2730
Bern,3011,2.5,108,3255
Bern,3006,3,70,1795
Bern,3006,4.5,104,2190
Bern,3014,2.5,54,1850
Bern,3007,4.5,98,2585
Bern,3007,3,64,1640
Bern,3007,4.5,102,3030
Bern,3007,2,46,1530
Bern,3013,2.5,98,2600
Bern,3006,3.5,80,1890
Bern,3014,1,56,2180
Bern,3014,2,43,1690
Bern,3006,3,87,2300
Bern,3011,1,35,1395
Bern,3012,3,93,2390
Bern,3013,2,48,1470
Bern,3006,3.5,88,1780
Bern,3006,3,70,2000
Bern,3004,3,65,2350
Bern,3013,3.5,59,1840
Bern,3007,4.5,125,2450
Bern,3011,2.5,105,2190
Bern,3007,4,118,2540
Bern,3007,2.5,72,2230
Bern,3007,3.5,79,2580
Bern,3007,3.5,77,2580
Bern,3014,3,83,1980
Bern,3014,2,38,1510
Bern,3012,2,54,1680
Bern,3005,2.5,85,3650
Bern,3004,3,69,1964
Bern,3012,2,73,1810
Bern,3004,3.5,68,1980
Bern,3012,3.5,70,1710
Bern,3018,2.5,53,1465
Bern,3018,2.5,53,1545
Bern,3018,2.5,53,1465
Bern,3027,3.5,79,1890
Bern,3011,3,96,3450
Bern,3014,3.5,70,2020
Bern,3011,1,147,1500
Bern,3011,2.5,85,2690
Bern,3011,2.5,74,2800
Bern,3008,2.5,73,2045
Bern,3014,1.5,93,2550
Bern,3027,2.5,74,1620
Bern,3014,3.5,66,1520
Bern,3013,3.5,72,2040
Bern,3018,4.5,89,2005
Bern,3018,4,83,2095
Bern,3008,3.5,84,2210
Bern,3004,3.5,64,1390
Bern,3012,2,45,1620
Bern,3007,3.5,70,1905
Bern,3008,2.5,57,1490
Bern,3011,2.5,53,1820
Bern,3011,2.5,51,1825
Bern,3007,2.5,55,1850
Bern,3011,2,61,1715
Bern,3007,3.5,75,2100
Bern,3008,2.5,55,1830
Bern,3013,2.5,85,2430
Bern,3018,3.5,65,1630
Bern,3018,2,53,1250
Bern,3013,3.5,62,1550
Bern,3027,3,62,1590
Bern,3005,3.5,60,2225
Bern,3007,3,77,1702
Bern,3012,2,41,1560
Bern,3007,4.5,122,2250
Bern,3011,2.5,62,2882
Bern,3012,2,41,1545
Bern,3008,1,30,2010
Bern,3007,1,30,1926
Bern,3012,3.5,70,2250
Bern,3005,2.5,116,2870
Bern,3018,4.5,90,2280
Bern,3005,3,116,2870
Bern,3005,3.5,116,2870
Bern,3006,2.5,98,2300
Bern,3018,3.5,73,1710
Bern,3018,4.5,96,2180
Bern,3012,3,68,2060
Bern,3027,5.5,119,2880
Bern,3027,4.5,108,2440
Bern,3008,3.5,94,2650
Bern,3007,1.5,32,1400
Bern,3007,2,42,2090
Bern,3006,2.5,58,2230
Bern,3008,3,68,1730
Bern,3006,3.5,88,3100
Bern,3006,4.5,90,2600
Bern,3005,2.5,41,2570
Bern,3027,3.5,72,1970
Bern,3006,5.5,137,3742
Bern,3011,2,66,2400
Bern,3007,3.5,89,1720
Bern,3012,3,59,1560
Bern,3011,2.5,59,1750
Bern,3013,3.5,90,2110
Bern,3007,1,20,915
Bern,3018,3,75,1545
Bern,3018,4,93,1528
Bern,3013,2.5,66,1830
Bern,3013,2.5,71,1900
Bern,3006,2.5,54,1530
Bern,3006,3.5,78,2106
Bern,3006,2.5,60,1980
Bern,3014,1,23,1950
Bern,3012,4,100,3130
Bern,3013,3.5,104,3260
Bern,3007,1,26,1820
Bern,3004,2,61,1440
Bern,3007,3,76,1704
Bern,3011,1,20,1260
Bern,3008,1,25,1560
Bern,3015,3.5,84,1990
Bern,3006,4,100,2750
Bern,3015,3.5,95,1940
Bern,3007,1,20,400
Bern,3007,2.5,60,1950
Bern,3013,4.5,100,2440
Bern,3013,4.5,125,3100
Bern,3014,3,75,2190
Bern,3018,3,70,1595
Bern,3018,3,62,1680
Bern,3014,1.5,105,1920
Bern,3011,3.5,94,3150
Bern,3027,1,38,1350
Bern,3014,3.5,83,2380
Bern,3006,2.5,60,1780
Bern,3013,3.5,105,2470
Bern,3027,2.5,76,1680
Bern,3027,4.5,108,2585
Bern,3027,3.5,95,2350
Bern,3007,2.5,70,1790
Bern,3007,2,80,2150
Bern,3007,3,79,1960
Bern,3011,4.5,111,2985
Bern,3013,2.5,60,1980
Bern,3008,3,65,2100
Bern,3012,3.5,76,2050
Bern,3012,3.5,85,2247
Bern,3012,2,65,1780
Bern,3004,4,68,1670
Bern,3005,2,63,1845
Bern,3014,3.5,97,2080
Bern,3014,2.5,75,1800
Bern,3018,3.5,80,1790
Bern,3007,3,66,1640
Bern,3007,3.5,79,2190
Bern,3007,3,66,1640
Bern,3014,2,51,1500
Bern,3014,3,84,2600
Bern,3014,3,84,2600
Bern,3014,3.5,103,2880
Bern,3014,3.5,103,2880
Bern,3018,3.5,93,2195
Bern,3014,1,18,950
Bern,3014,1,23,1210
Bern,3027,4.5,87,2400
Bern,3013,2,40,1290
Bern,3011,2,45,1643
Bern,3012,3,68,1690
Bern,3014,3.5,97,2130
Bern,3007,3,65,1900
Bern,3007,3.5,79,1950
Bern,3027,2,40,1070
Bern,3012,3.5,85,2450
Bern,3012,3,56,1610
Bern,3012,1,28,1080
Bern,3012,3,98,2500
Bern,3014,1,35,1155
Bern,3004,3.5,93,2490
Bern,3012,4.5,105,2480
Bern,3013,3.5,68,2590
Bern,3014,2,50,1710
Bern,3012,1.5,43,1880
Bern,3008,3,67,1790
Bern,3011,1,15,830
Bern,3011,3,102,3700
Bern,3014,3,40,2100
Bern,3027,2.5,50,1219
Bern,3011,2.5,50,1950
Bern,3011,3.5,106,2520
Bern,3012,1,14,1100
Bern,3011,2.5,50,1650
Bern,3006,3,80,1890
Bern,3006,4,90,2320
Bern,3012,2,65,1680
Bern,3014,3.5,72,1990
Bern,3014,3.5,72,2000
Bern,3008,2.5,63,1250
Bern,3014,2,50,70
Bern,3018,2,36,800
Bern,3006,3.5,75,2180
Bern,3008,3,65,1604
Bern,3006,2.5,80,2395
Bern,3007,4,100,2050
Bern,3007,1,10,350
Bern,3013,5.5,120,3770
Bern,3012,2.5,51,1595
Bern,3015,6,165,3480
Bern,3007,1,1,40
Bern,3004,3.5,69,1297
Bern,3027,3,70,1545
Bern,3007,3.5,100,2350
Bern,3007,2,30,1400
Bern,3012,3.5,100,2550
Bern,3012,3.5,100,2550
Bern,3004,3,70,1500
Bern,3008,1.5,40,1300
Bern,3012,2,52,1400
Bern,3006,3.5,71,1890
Bern,3012,4,78,2110
Bern,3008,2.5,50,1580
Bern,3015,2.5,66,2101
Bern,3015,2.5,66,2101
Bern,3007,1.5,40,1100
Bern,3006,1,20,450
Zürich,8046,4.5,115,4350
Zürich,8057,1.5,45,2410
Zürich,8057,3.5,79,3430
Zürich,8057,3.5,78,3360
Zürich,8057,2.5,66,3090
Zürich,8052,3.5,88,3385
Zürich,8050,1.5,24,515
Zürich,8057,4.5,117,4254
Zürich,8041,3.5,107,3560
Zürich,8005,3.5,102,4250
Zürich,8050,1.5,24,515
Zürich,8047,2.5,67,2895
Zürich,8041,5.5,147,4740
Zürich,8057,1.5,39,2029
Zürich,8052,3.5,90,3300
Zürich,8032,3.5,85,3116
Zürich,8048,3.5,91,3500
Zürich,8003,1,21,1790
Zürich,8006,1,17,1840
Zürich,8004,1,23,2165
Zürich,8006,3,102,4200
Zürich,8044,2.5,86,3600
Zürich,8046,5.5,160,4350
Zürich,8044,3.5,99,4426
Zürich,8057,3,70,3550
Zürich,8046,2.5,52,2480
Zürich,8002,3.5,105,5475
Zürich,8006,3.5,78,3450
Zürich,8004,3.5,107,4800
Zürich,8053,4.5,116,2430
Zürich,8032,3,63,3355
Zürich,8038,4.5,123,5880
Zürich,8052,6.5,200,3995
Zürich,8050,2.5,70,2030
Zürich,8004,2,52,2550
Zürich,8004,2,55,2550
Zürich,8004,2,35,2350
Zürich,8006,1,17,1840
Zürich,8050,2.5,51,2500
Zürich,8044,4.5,112,6050
Zürich,8006,5.5,169,6455
Zürich,8052,5.5,112,3995
Zürich,8038,1,18,890
Zürich,8044,2.5,80,3800
Zürich,8051,2,55,1980
Zürich,8044,2,55,1990
Zürich,8051,2.5,66,2930
Zürich,8002,3,128,5950
Zürich,8008,2.5,100,3950
Zürich,8004,2.5,54,3980
Zürich,8049,2.5,85,3470
Zürich,8055,3.5,82,3990
Zürich,8055,3.5,78,3890
Zürich,8004,3.5,96,3570
Zürich,8048,2.5,79,3210
Zürich,8049,3.5,80,3340
Zürich,8055,2.5,60,3090
Zürich,8038,3.5,152,5285
Zürich,8002,5.5,127,5940
Zürich,8032,4,91,2500
Zürich,8004,2.5,73,3490
Zürich,8050,3.5,108,6300
Zürich,8032,2.5,109,3780
Zürich,8001,4.5,147,7800
Zürich,8032,3.5,145,4600
Zürich,8051,2.5,66,3150
Zürich,8006,2,78,2990
Zürich,8050,3.5,109,3922
Zürich,8048,3,91,4250
Zürich,8032,2.5,78,3595
Zürich,8001,3.5,80,3928
Zürich,8002,3,81,2430
Zürich,8038,4,89,3004
Zürich,8048,2.5,74,2890
Zürich,8048,4,102,4459
Zürich,8001,3.5,172,5700
Zürich,8055,3.5,87,4450
Zürich,8048,3.5,173,4890
Zürich,8048,2.5,110,3690
Zürich,8048,2.5,61,3250
Zürich,8048,3.5,87,3440
Zürich,8048,4.5,117,4490
Zürich,8048,3.5,101,3590
Zürich,8045,2,81,3601
Zürich,8048,2.5,57,2730
Zürich,8047,2.5,65,3060
Zürich,8047,4.5,101,4470
Zürich,8057,3.5,85,3920
Zürich,8032,1,19,1400
Zürich,8048,2.5,76,2725
Zürich,8008,2.5,94,4878
Zürich,8050,1,141,2590
Zürich,8047,3.5,88,2838
Zürich,8005,4.5,98,3900
Zürich,8038,3.5,106,3807
Zürich,8048,3.5,98,4000
Zürich,8048,1.5,53,2330
Zürich,8005,1.5,34,2050
Zürich,8055,3.5,86,3780
Zürich,8048,3.5,92,2950
Zürich,8048,2.5,83,3090
Zürich,8003,1,23,2125
Zürich,8050,4.5,123,4320
Zürich,8008,4,110,4500
Zürich,8048,1.5,53,2340
Zürich,8048,2.5,75,2930
Zürich,8048,2.5,82,3150
Zürich,8005,3.5,93,3950
Zürich,8003,2.5,55,2900
Zürich,8004,3.5,108,4740
Zürich,8048,1.5,83,2610
Zürich,8048,2.5,100,3950
Zürich,8048,3.5,93,3760
Zürich,8048,3.5,85,3490
Zürich,8048,2,70,3431
Zürich,8037,2.5,73,2590
Zürich,8006,2.5,107,4738
Zürich,8048,2.5,58,2990
Zürich,8053,4.5,116,4017
Zürich,8002,4.5,182,10175
Zürich,8006,5,131,5645
Zürich,8004,3.5,73,3410
Zürich,8057,1.5,23,1600
Zürich,8055,4.5,86,3890
Zürich,8044,4,118,4350
Zürich,8064,2,52,1990
Zürich,8002,2.5,79,3745
Zürich,8003,1,27,1690
Zürich,8045,4.5,108,4755
Zürich,8008,3.5,76,3900
Zürich,8053,3.5,80,2400
Zürich,8005,3.5,77,4020
Zürich,8008,3.5,107,4310
Zürich,8044,3,88,3220
Zürich,8006,2.5,74,3058
Zürich,8004,3.5,93,4280
Zürich,8050,3.5,109,3100
Zürich,8005,3.5,88,3950
Zürich,8005,2.5,91,3340
Zürich,8049,2.5,54,2450
Zürich,8048,3.5,98,3840
Zürich,8008,2.5,63,2959
Zürich,8002,2.5,70,3575
Zürich,8044,3,88,3270
Zürich,8044,5.5,155,6340
Zürich,8008,4,96,4690
Zürich,8044,3.5,114,5105
Zürich,8002,2,71,2544
Zürich,8048,3.5,120,4430
Zürich,8005,3.5,82,3880
Zürich,8045,3,67,2250
Zürich,8045,3.5,156,4450
Zürich,8051,3.5,108,4300
Zürich,8055,1,41,2090
Zürich,8048,3.5,124,3831
Zürich,8004,2,57,3100
Zürich,8004,1,39,2195
Zürich,8002,2.5,138,4306
Zürich,8050,3.5,100,2900
Zürich,8050,3.5,104,2765
Zürich,8041,2.5,79,2930
Zürich,8057,2.5,58,2340
Zürich,8006,3,102,4800
Zürich,8057,3,71,2630
Zürich,8053,3.5,84,3492
Zürich,8048,3.5,101,2990
Zürich,8048,2.5,78,3350
Zürich,8006,2,57,2149
Zürich,8046,3.5,74,2730
Zürich,8049,2.5,84,2760
Zürich,8038,3.5,61,1990
Zürich,8047,2.5,80,2705
Zürich,8038,2,52,2680
Zürich,8041,4.5,104,3200
Zürich,8055,2.5,72,2900
Zürich,8006,3.5,103,4040
Zürich,8044,3.5,75,3180
Zürich,8004,3.5,74,3390
Zürich,8008,2.5,87,3738
Zürich,8052,2.5,55,1987
Zürich,8057,2.5,63,2555
Zürich,8057,5.5,95,4450
Zürich,8050,2,55,2030
Zürich,8045,3,45,2390
Zürich,8047,2.5,72,2088
Zürich,8032,2,50,2501
Zürich,8038,2,49,2580
Zürich,8050,3,65,2582
Zürich,8053,3.5,84,3445
Zürich,8050,2.5,71,2620
Zürich,8045,4.5,106,5165
Zürich,8050,2.5,67,2625
Zürich,8050,2.5,67,2545
Zürich,8050,4.5,148,4090
Zürich,8051,2.5,115,2995
Zürich,8050,3.5,100,2890
Zürich,8006,2.5,68,2750
Zürich,8038,3,58,1900
Zürich,8005,3,63,3045
Zürich,8052,3.5,75,2638
Zürich,8032,4.5,95,3400
Zürich,8057,5.5,128,4867
Zürich,8038,3,69,2310
Zürich,8048,3.5,173,4990
Zürich,8044,2.5,92,3090
Zürich,8053,4,99,3500
Zürich,8047,2.5,73,3390
Zürich,8002,3,76,2570
Zürich,8006,4,88,4065
Zürich,8052,2.5,47,1861
Zürich,8044,3,84,3815
Zürich,8050,2.5,58,2641
Zürich,8002,4.5,161,8980
Zürich,8002,3.5,103,5300
Zürich,8052,4,97,2600
Zürich,8006,3.5,114,5435
Zürich,8050,5.5,130,4410
Zürich,8050,1.5,24,2122
Zürich,8048,1.5,23,2035
Zürich,8006,4.5,93,3480
Zürich,8048,3.5,104,3741
Zürich,8050,2.5,66,2320
Zürich,8055,4,76,2990
Zürich,8002,3,70,3000
Zürich,8050,2,55,4870
Zürich,8050,3,74,6900
Zürich,8048,2.5,55,2100
Zürich,8038,2,48,1555
Zürich,8002,2,59,2080
Zürich,8053,4.5,127,1950
Zürich,8050,2.5,67,2165
Zürich,8003,1,25,1995
Zürich,8001,4.5,142,6950
Zürich,8057,2,54,1247
Zürich,8038,2,56,1990
Zürich,8057,2,53,1665
Zürich,8057,2,53,1600
Zürich,8004,3.5,75,4100
Zürich,8044,4,88,3370
Zürich,8044,2.5,54,2840
Zürich,8008,2,71,3460
Zürich,8004,1.5,25,1915
Zürich,8038,2.5,84,3090
Zürich,8049,4.5,108,3890
Zürich,8032,2,33,2180
Zürich,8050,1.5,42,2220
Zürich,8002,2,59,2100
Zürich,8002,2,59,2100
Zürich,8047,5,97,2874
Zürich,8003,1,27,1895
Zürich,8006,5.5,155,7500
Zürich,8006,4.5,158,5750
Zürich,8004,3.5,67,3265
Zürich,8008,3.5,85,3810
Zürich,8050,1,50,2820
Zürich,8002,2.5,75,3900
Zürich,8002,4.5,119,4650
Zürich,8002,3,88,3930
Zürich,8006,3.5,72,3590
Zürich,8006,3.5,83,3925
Zürich,8003,3,83,3505
Zürich,8003,3,84,3495
Zürich,8048,2.5,74,3590
Zürich,8046,3.5,119,3170
Zürich,8003,2.5,102,3990
Zürich,8002,4.5,130,6639
Zürich,8032,2.5,80,4660
Zürich,8032,2.5,89,5180
Zürich,8002,4.5,144,6838
Zürich,8002,2.5,62,3162
Zürich,8002,2.5,60,3151
Zürich,8005,3.5,97,4315
Zürich,8001,2.5,150,9750
Zürich,8001,1,21,1342
Zürich,8057,3,61,2615
Zürich,8050,3.5,85,3469
Zürich,8046,4.5,124,2990
Zürich,8004,3.5,67,3420
Zürich,8041,2.5,77,2720
Zürich,8008,3.5,75,3939
Zürich,8049,3,79,2720
Zürich,8008,2,60,3050
Zürich,8050,2,51,3900
Zürich,8032,7.5,232,9260
Zürich,8050,1.5,36,3150
Zürich,8052,3.5,80,2900
Zurich,8057,1,11,1090
Zürich,8052,1,17,1190
Zürich,8055,2.5,47,1990
Zürich,8045,1,12,1290
Zürich,8003,2,49,2100
Zürich,8004,2,56,2990
Zürich,8055,2.5,47,1990
Zürich,8049,4.5,98,4822
Zürich,8049,3.5,88,4548
Zürich,8055,4,76,2990
Zürich,8006,4.5,147,7400
Zürich,8049,2.5,47,2190
Zürich,8008,3.5,81,3507
Zürich,8048,3.5,83,3080
Zürich,8047,2.5,47,2135
Zürich,8057,4.5,125,4950
Zürich,8006,2.5,81,3380
Zürich,8006,2.5,65,2845
Zürich,8049,2.5,65,2290
Zürich,8006,3.5,98,4170
Zürich,8048,4.5,95,2000
Zürich,8008,3.5,103,5850
Zürich,8001,2.5,60,3554
Zürich,8048,5.5,132,5042
Zürich,8038,3.5,74,3195
Zürich,8046,4,73,1921
Zürich,8057,1.5,44,2410
Zürich,8046,5.5,115,3810
Zürich,8003,3,77,2880
Zürich,8051,3.5,100,3065
Zürich,8002,2.5,90,3670
Zürich,8002,2.5,72,3315
Zürich,8002,5.5,152,7264
Zürich,8050,1,26,2850
Zürich,8006,2.5,60,3500
Zürich,8004,3.5,75,3450
Zürich,8049,3.5,85,4890
Zürich,8032,4,120,5475
Zürich,8044,3.5,125,6060
Zürich,8002,3.5,85,4550
Zürich,8001,6.5,150,6975
Zürich,8001,5.5,150,6975
Zürich,8049,4.5,106,3560
Zürich,8041,3.5,81,2800
Zürich,8032,3.5,123,5600
Zürich,8032,3,79,3170
Zürich,8055,3.5,100,2540
Zurich,8003,1,16,1350
Zürich,8045,1,15,1290
Zürich,8045,1,15,1290
Zürich,8048,4.5,96,3470
Zürich,8053,3.5,73,2950
Zürich,8032,3.5,115,5740
Zürich,8050,3,81,2900
Zürich,8057,3,76,2450
Zürich,8008,3.5,158,7300
Zürich,8053,1.5,53,2750
Zürich,8047,2.5,40,2267
Zürich,8050,4.5,116,3475
Zürich,8008,2.5,60,6790
Zürich,8038,2.5,81,3480
Zürich,8048,1.5,24,1665
Zürich,8050,3.5,78,3040
Zürich,8050,2.5,63,2790
Zürich,8055,2.5,52,1990
Zürich,8038,4,91,3550
Zürich,8032,5.5,212,7800
Zürich,8002,3,68,2750
Zürich,8053,4.5,131,5290
Zürich,8048,1.5,31,2139
Zürich,8038,3.5,97,4960
Zürich,8052,4.5,103,3850
Zürich,8052,3.5,82,3040
Zürich,8038,2.5,113,4680
Zürich,8052,2.5,75,4890
Zürich,8048,4.5,101,3850
Zürich,8048,2.5,57,2580
Zürich,8006,2.5,75,3440
Zürich,8032,3.5,113,4480
Zürich,8038,2.5,113,4630
Zürich,8050,3.5,86,3120
Zürich,8053,3.5,108,2665
Zürich,8052,2,55,1308
Zürich,8001,4,110,4766
Zürich,8048,3.5,100,3270
Zürich,8003,2.5,60,3710
Zürich,8032,2.5,48,1830
Zürich,8038,3.5,86,3630
Zürich,8004,3,55,2700
Zürich,8008,3.5,82,3230
Zürich,8008,2,53,2824
Zürich,8046,3.5,90,3450
Zürich,8004,2,32,1790
Zürich,8038,2,48,1600
Zürich,8005,2.5,67,3300
Zürich,8002,3,94,4030
Zürich,8038,2,54,2540
Zürich,8052,3.5,87,1909
Zürich,8006,2.5,72,3420
Zürich,8002,5.5,154,5270
Zürich,8049,3.5,91,2131
Zürich,8004,2.5,58,3000
Zürich,8037,3.5,98,3700
Zürich,8046,3,60,2189
Zürich,8046,4.5,108,2965
Zürich,8004,3.5,78,2910
Zürich,8032,4,91,4570
Zürich,8008,1.5,41,2240
Zürich,8050,1,64,2468
Zürich,8006,2.5,65,3150
Zürich,8002,5.5,177,7490
Zürich,8057,4,100,2997
Zürich,8048,4.5,101,2120
Zürich,8004,3,61,2700
Zürich,8008,3.5,113,5870
Zürich,8050,2.5,55,2385
Zürich,8008,3.5,101,4700
Zürich,8008,3.5,81,2720
Zürich,8048,1,35,1650
Zürich,8003,2,52,1490
Zürich,8004,2.5,92,3153
Zürich,8032,3.5,130,4250
Zürich,8046,3.5,120,3900
Zürich,8046,5.5,114,3760
Zürich,8008,4,110,5060
Zürich,8047,5,97,2840
Zürich,8041,3.5,94,3490
Zürich,8044,3,82,2600
Zürich,8048,2.5,59,1996
Zürich,8057,5,111,2450
Zürich,8055,2.5,118,3350
Zürich,8053,5.5,144,3065
Zürich,8050,1.5,43,1846
Zürich,8008,2.5,64,2970
Zürich,8008,2,54,4200
Zürich,8050,4,107,3230
Zürich,8050,2.5,54,2600
Zürich,8048,3.5,93,4480
Zürich,8049,4.5,105,5390
Zürich,8055,1.5,46,2398
Zürich,8008,3.5,110,4190
Zürich,8008,4,100,5150
Zürich,8008,3.5,80,3700
Zürich,8044,10,300,12500
Zürich,8004,3.5,105,5390
Zürich,8050,1.5,46,1630
Zürich,8038,1,25,1290
Zürich,8049,1,12,1190
Zürich,8051,1,16,1190
Zürich,8050,1,11,1210
Zürich,8064,1,14,1390
Zürich,8050,2.5,76,3130
Zürich,8050,2.5,77,2550
Zürich,8050,2.5,79,3260
Zürich,8055,2,47,1890
Zürich,8053,3.5,87,4150
Zürich,8004,3,70,3190
Zürich,8006,4.5,102,2000
Zürich,8057,3.5,71,2750
Zürich,8055,2,69,2090
Zürich,8008,3,83,3790
Zürich,8053,2.5,57,2690
Zürich,8005,2,83,3160
Zürich,8003,2,58,3090
Zürich,8055,2,52,2030
Zürich,8055,2.5,56,2190
Zürich,8045,2.5,66,2990
Zürich,8048,3.5,78,3490
Zurich,8045,2,32,3519
Zürich,8003,5.5,160,3860
Zürich,8032,3.5,155,7490
Zürich,8055,3,92,2490
Zürich,8004,3.5,79,2990
Zürich,8002,3.5,160,6240
Zürich,8004,2.5,79,3892
Zürich,8006,2,38,2666
Zürich,8004,2.5,111,3780
Zürich,8032,1.5,39,2410
Zürich,8032,2.5,62,3100
Zürich,8006,2,41,1475
Zürich,8047,4.5,108,2325
Zürich,8047,4.5,108,2320
Zürich,8003,1,26,1485
Zürich,8037,2.5,65,2690
Zürich,8055,1,18,1664
Zürich,8046,4.5,96,2039
Zürich,8046,3.5,80,2090
Zürich,8006,2,61,2255
Zürich,8048,3.5,91,4540
Zürich,8004,1,28,1600
Zürich,8001,1,27,1425
Zürich,8048,1.5,87,2640
Zürich,8049,1,33,2070
Zürich,8004,2,59,2219
Zürich,8046,2,58,1510
Zürich,8032,1,19,1380
Zürich,8008,4,92,3890
Zürich,8032,2,61,1883
Zürich,8049,4.5,102,2050
Zürich,8008,2,72,3710
Zürich,8005,3.5,140,5900
Zürich,8064,2,53,2051
Zürich,8003,2.5,55,2224
Zürich,8002,3.5,65,3075
Zürich,8046,2,54,1619
Zürich,8064,3.5,73,2500
Zürich,8003,2,33,2190
Zürich,8053,3.5,98,3950
Zürich,8038,2.5,70,2810
Zürich,8003,2,64,1780
Zürich,8047,4.5,108,2330
Zürich,8006,6.5,180,6450
Zürich,8006,8.5,250,8925
Zürich,8006,3.5,83,4272
Zürich,8049,3.5,89,2515
Zürich,8050,4.5,140,5800
Zürich,8008,2.5,63,2700
Zürich,8045,1,38,1756
Zürich,8044,1.5,42,2100
Zürich,8045,2.5,55,2190
Zürich,8048,3.5,76,3320
Zürich,8044,5.5,218,14500
Zürich,8008,3,90,3645
Zürich,8001,2.5,88,2990
Zürich,8050,2.5,76,2630
Zürich,8008,1.5,44,2350
Zürich,8005,2.5,38,1890
Zürich,8008,2.5,74,2990
Zürich,8045,1,15,1190
Zürich,8044,2,48,1850
Zürich,8005,3.5,79,2750
Zürich,8005,3.5,80,2850
Zürich,8006,2,60,2550
Zürich,8032,5,122,2630
Zürich,8037,3,67,2850
Zürich,8051,3,58,1678
Zürich,8005,2.5,109,3960
Zürich,8006,3,82,2990
Zürich,8048,2.5,59,2600
Zürich,8055,2,47,1890
Zurich,8002,2,86,6332
Zurich,8004,2,46,4246
Zürich,8048,2.5,89,2540
Zürich,8037,3,68,2850
Zürich,8003,4.5,106,5440
Zürich,8052,2.5,58,2660
Zürich,8006,1,65,3050
Zürich,8004,1,72,2490
Zürich,8008,2.5,74,3020
Zürich,8032,1.5,36,2090
Zürich,8006,3,80,3039
Zürich,8052,3.5,80,2595
Zürich,8003,1,11,1060
Zürich,8002,2,52,1508
Zürich,8004,2.5,1,2716
Zürich,8037,2.5,65,2690
Zürich,8037,2.5,65,2690
Zürich,8048,2.5,63,2950
Zürich,8041,2.5,58,2680
Zürich,8004,2.5,60,3120
Zürich,8050,2.5,69,2860
Zürich,8046,3.5,90,2990
Zürich,8052,3,64,2150
Zürich,8005,2.5,270,5800
Zürich,8055,1,18,1100
Zürich,8004,2.5,45,2310
Zürich,8005,3.5,135,4300
Zürich,8050,3.5,87,3790
Zürich,8004,3.5,76,3000
Zürich,8004,3.5,76,3000
Zürich,8004,3.5,76,3000
Zürich,8045,3.5,72,4268
Zürich,8004,4.5,80,4000
Zürich,8048,4.5,100,3790
Zürich,8048,3.5,73,2920
Zürich,8044,2.5,80,3210
Zürich,8055,3,63,2860
Zürich,8006,2.5,88,4380
Zürich,8006,2.5,68,3290
Zürich,8006,2.5,93,4830
Zürich,8057,3.5,70,3090
Zürich,8053,4,81,3980
Zürich,8057,2.5,68,2625
zürich,8004,4.5,88,4000
Zürich,8045,6,160,6500
Zürich,8004,2,44,1400
Zürich,8048,1.5,38,2795
Zürich,8003,3.5,75,3270
Zürich,8032,6.5,203,8900
Zürich,8008,3.5,70,3820
Zürich,8050,3.5,95,3680
Zürich,8055,2.5,48,2455
Zürich,8003,2,43,2373
Zürich,8003,4.5,115,5380
Zürich,8006,2.5,54,2975
Zürich,8055,4,77,3290
Zürich,8041,6,181,4000
Zürich,8064,2,50,2090
Zürich,8004,2,44,1400
Zürich,8006,4.5,160,5994
Zürich,8001,3,70,3659
Zürich,8032,2.5,95,3452
Zürich,8037,1.5,41,2440
Zürich,8037,1.5,39,2340
Zürich,8041,4.5,97,3000
Zürich,8005,2.5,56,2662
Zürich,8037,3,64,2790
Zürich,8037,3,78,3350
Zürich,8037,2,43,2240
Zürich,8048,2.5,57,2300
Zürich,8006,4.5,117,2000
Zürich,8004,1,16,1320
Zürich,8008,2.5,54,2730
Zürich,8006,1,20,1550
Zurich,8032,1,26,1370
Zürich,8051,1,14,1050
Zürich,8006,2.5,72,3114
Zürich,8004,1.5,27,1690
Zürich,8004,2,54,2390
Zürich,8005,3.5,138,4200
Zürich,8049,2,44,2010
Zürich,8003,3.5,68,3450
Zürich,8037,4,71,3790
Zürich,8049,3.5,78,2590
Zürich,8047,3,63,1990
Zürich,8037,4,100,3990
Zürich,8050,2,47,1920
Zürich,8006,1.5,50,2290
Zürich,8037,2,64,2990
Zürich,8055,2.5,56,2190
Zürich,8057,3,77,2490
Zürich,8037,3,68,3090
Zürich,8046,2.5,63,1990
Zürich,8037,3,85,2990
Zürich,8004,1,31,1568
Zürich,8055,4,107,2840
Zürich,8038,2.5,49,2740
Zürich,8048,2.5,88,2570
Zürich,8045,4.5,91,4410
Zürich,8045,2.5,54,2720
Zürich,8045,3.5,70,3270
Zürich,8049,2.5,54,2590
Zürich,8049,2.5,65,1390
Zürich,8002,2.5,80,3010
Zürich,8050,1,14,1190
Zürich,8038,2,52,2680
Zürich,8037,3.5,97,3950
Zürich,8002,3,72,3900
Zürich,8006,8.5,250,8925
Zürich,8047,2,166,4050
Zürich,8032,5,178,6700
Zürich,8001,3,87,4190
Zürich,8006,4.5,147,5163
Zürich,8032,4.5,110,3850
Zürich,8004,2.5,46,2310
Zürich,8008,1.5,42,2290
Zürich,8004,4.5,60,4950
Zürich,8008,3,52,2936
Zürich,8048,2.5,41,3895
Zürich,8049,2.5,55,2150
Zürich,8052,2.5,73,2595
Zürich,8049,4.5,100,3960
Zürich,8038,3,65,2950
Zürich,8004,3,72,3220
Zürich,8008,3.5,65,3200
Zürich,8032,1,34,2121
Zürich,8003,2,31,2290
Zürich,8032,3.5,85,4382
Zürich,8032,2,65,2713
Zürich,8051,2.5,60,2870
Zürich,8004,3.5,65,3190
Zürich,8008,3.5,86,3890
Zürich,8053,1.5,44,2200
Zürich,8001,3,76,3750
Zürich,8004,4.5,67,3390
Zürich,8055,1,24,1870
Zürich,8037,3,68,3090
Zürich,8002,1.5,35,1350
Zurich,8052,1,16,1250
Zürich,8005,3.5,99,4420
Zürich,8004,1,22,1940
Zürich,8004,1.5,40,2640
Zürich,8004,1.5,26,2290
Zürich,8050,1,28,1390
Zürich,8032,2.5,80,2920
Zürich,8046,5.5,126,3240
Zürich,8003,1,32,1600
Zürich,8052,1,31,1506
Zürich,8004,1,13,1393
Zürich,8050,2,30,1650
Zürich,8049,4,89,2850
Zürich,8008,1.5,48,3330
Zürich,8055,3,84,2490
Zürich,8004,1.5,29,2430
Zürich,8008,2.5,60,2753
Zürich,8038,3,54,2890
Zürich,8046,1.5,35,1690
Zürich,8006,2.5,70,3100
Zürich,8052,3.5,80,2890
Zürich,8044,4,115,4050
Zürich,8001,2.5,96,4300
Zurich,8055,3.5,62,2950
Zürich,8050,1.5,72,2080
Zürich,8057,1.5,35,1330
Zürich,8052,3.5,74,2810
Zürich,8001,2.5,60,3244
Zürich,8050,4.5,96,4485
Zürich,8050,6.5,190,6200
Zürich,8050,3.5,65,3484
Zürich,8049,5.5,141,5490
Zürich,8049,4.5,136,2625
Zürich,8002,4.5,126,6800
Zürich,8003,3.5,86,3780
Zürich,8006,2,40,2800
Zürich,8050,2.5,69,2960
Zürich,8005,7.5,180,4735
Zürich,8057,4.5,98,3800
Zürich,8005,3.5,141,4700
Zürich,8006,2,54,1670
Zürich,8002,4,99,4200
Zürich,8045,3,44,2203
Zürich,8004,3.5,84,3200
Zürich,8037,2,49,2090
Zürich,8057,1,16,1310
Zürich,8046,1,16,1190
Zürich,8057,1.5,37,1990
Leimbach ZH,8041,1,71,1300
Zürich,8046,5,100,4550
Zürich,8008,3.5,100,3230
Zürich,8032,4.5,149,7522
Zürich,8000,4.5,105,3950
Zürich,8002,2.5,92,3864
Zürich,8041,3.5,75,2990
Zürich,8038,2.5,42,2395
Zürich,8048,2,50,2635
Zürich,8048,1.5,28,1915
Zürich,8048,1,28,2135
Zürich,8049,3,76,2090
Zürich,8048,2.5,68,2920
Zürich,8002,7,170,5950
Zürich,8051,3,76,2700
Zürich,8032,3.5,85,3116
Zürich,8050,4.5,95,1926
Zürich,8008,2.5,50,2384
Zürich,8048,1.5,35,2985
Zürich,8004,3,82,5200
Zürich,8032,3.5,74,4440
Zürich,8048,4.5,93,3790
Zürich,8048,3.5,74,2950
Zürich,8048,3.5,73,3010
Zürich,8049,3.5,84,3890
Zürich,8002,3.5,101,2100
Zürich,8055,2,50,2260
Zürich,8006,3.5,92,4123
Zürich,8049,6.5,175,7400
Zürich,8064,2,50,2090
Zürich,8046,4.5,125,3040
Zürich,8055,2.5,36,2140
Zürich,8064,2.5,44,1990
Zürich,8048,1.5,63,2280
Zürich,8046,2.5,53,2280
Zürich,8044,1.5,30,1600
Zürich,8032,1.5,30,1800
Zürich,8048,1.5,24,1490
Zürich,8003,3,69,3080
Zürich,8048,13,450,15300
Zürich,8006,2,60,2870
Zürich,8006,4.5,144,6300
Zürich,8037,3,70,3460
Zürich,8050,2.5,54,2749
Zürich,8055,3.5,75,1990
Zürich,8055,1.5,25,1390
Zürich,8055,2.5,55,1690
Zürich,8006,10,350,8500
Zürich,8044,3.5,120,5970
Zürich,8044,2.5,59,2920
Zürich,8003,3.5,100,1500
Zürich,8044,2,55,1990
Zürich,8055,2,53,2395
Zürich,8053,2.5,88,2690
Zürich,8047,3.5,86,2571
Zürich,8050,2,62,2130
Zürich,8048,2.5,65,1990
Zürich,8055,2.5,52,2150
Zürich,8005,3.5,101,3500
Zürich,8006,5.5,180,8200
Zürich,8049,2,57,1860
Zürich,8038,2,50,2440
Zürich,8055,1.5,39,1950
Zürich,8049,2.5,50,2470
Zürich,8004,2,50,2500
Zürich,8046,5.5,121,3490
Zürich,8001,1,22,2500
Zürich,8005,1,10,748
Zürich,8048,4,99,2750
Zürich,8052,2.5,64,2515
Zürich,8006,3.5,80,3170
Zürich,8008,3.5,81,3590
Zürich,8048,2.5,70,2683
Zürich,8053,2.5,65,2520
Zürich,8055,2.5,125,3452
Zürich,8038,4.5,100,1644
Zürich,8050,3.5,70,2500
Zürich,8037,3,70,3160
Zürich,8044,1,45,3500
Zürich,8005,4.5,263,9350
Zürich,8032,1.5,15,680
Zürich,8003,4,80,2500
Zürich,8038,2.5,55,1885
Zürich,8038,2.5,55,1885
Zürich,8046,1,69,2150
Zürich,8038,4.5,97,2752
Zürich,8046,2,54,2400
Zürich,8053,2.5,64,2099
Zürich,8002,3,80,2600
Zürich,8046,2.5,100,1200
Zürich,8037,2,40,2015
Zürich,8001,2.5,90,2600
Zürich,8001,2.5,90,2600
Zürich,8038,3,100,1400
Zürich,8004,2.5,80,3392
Schwamendingen,8051,2.5,82,2490
Zürich,8002,2.5,80,3485
Zürich,8032,3.5,90,3500
Zürich,8051,1,124,1065
Zürich,8048,1,29,1850
Zürich,8048,2.5,80,2479
Zürich,8055,3,70,2490
Zürich,8050,3.5,90,4650
Zürich,8005,4.5,120,4000
Zürich,8006,4,91,3020
Zürich,8050,1.5,45,1870
Zürich,8006,4.5,140,3900
Zürich,8050,1,20,1000
Zürich,8005,1.5,22,1550
Zürich,8004,1.5,55,1500
Zürich,8005,4.5,120,4400
Interlaken,3800,4.5,110,3000
Interlaken,3800,1.5,25,1600
Interlaken,3800,3.5,108,2240
Interlaken,3800,3.5,93,2200
Interlaken,3800,4.5,114,2400
Interlaken,3800,3.5,75,900
Interlaken,3800,3.5,120,2500
Genève,1201,1,23,1796
Genève,1203,5,122,3500
Genève,1201,4,119,5065
Genève,1205,4,85,3594
Genève,1206,5,20,1150
Genève,1205,3.5,25,900
Genève,1206,5.5,135,4400
Genève,1209,6,220,9250
Genève,1205,1,15,850
Genève,1203,6,105,4870
Genève,1204,10,236,8495
Genève,1205,3,85,2620
Genève,1204,6,174,7500
Genève,1201,7,230,12400
Genève,1206,6,160,6005
Genève,1203,1.5,33,1980
Genève,1202,7,220,8200
Genève,1209,5,122,3745
Genève,1205,3,81,3310
Genève,1204,10,236,8955
Genève,1201,4.5,79,2950
Genève,1202,9,295,9900
Genève,1205,5,102,3750
Genève,1206,10,370,15000
Genève,1206,7.5,219,7880
Genève,1201,5,156,5000
Genève,1204,1,31,2100
GENEVE,1206,8,201,7720
Genève,1207,6,132,5350
Genève,1207,6,129,5400
Genève,1206,4,93,4390
Genève,1206,4,93,4390
Genève,1203,4,113,3180
Genève,1208,3,60,2720
Genève,1204,3,88,4160
Genève,1202,6.5,183,6500
Genève,1201,4,129,4130
Genève,1209,5,140,6500
Genève,1204,2,32,2690
Genève,1206,6.5,127,6450
Genève,1209,6,128,4800
Genève,1209,5.5,120,4900
Genève,1207,4,75,4200
Genève,1205,4,110,4950
Genève,1206,4,81,2390
Genève,1206,4,86,4490
Genève,1206,4,93,4690
Genève,1206,4,93,4390
Genève,1206,4,93,4180
Genève,1202,1,17,1190
Genève,1204,6,180,12000
Genève,1205,3,60,2100
Genève,1205,5.5,120,4200
Genève,1201,4,76,2960
Genève,1207,5.5,123,4950
Genève,1202,5,123,4200
Genève,1202,3,52,2052
Genève,1206,4.5,184,6500
Genève,1209,6,166,5550
Genève,1204,5,137,5052
Genève,1208,3.5,98,4700
Genève,1202,3,49,1750
Genève,1209,5,124,4350
Genève,1209,9,184,6908
Genève,1204,5,120,5300
Genève,1204,4.5,80,4500
Genève,1209,6,189,6500
Genève,1203,5,91,3720
Genève,1208,7,216,8100
Genève,1204,4,100,3950
Genève,1203,8.5,181,5232
Genève,1203,5,95,2900
Genève,1203,6,110,3431
Genève,1201,3,40,2235
Genève,1203,3,54,1870
Genève,1203,4,135,5240
Genève,1206,4,74,2625
Genève,1202,5,123,4500
Genève,1207,5,120,5500
Genève,1209,5,124,4350
Genève,1209,5,127,4200
Genève,1201,5,143,4780
Genève,1204,1.5,23,1992
Genève,1202,4,126,4500
Genève,1207,1,44,1950
Genève,1207,4,74,2700
Genève,1207,4,100,4010
Genève,1209,3.5,63,2650
Genève,1208,3,78,4350
Genève,1206,6,160,7830
Les Acacias,1227,4,73,2450
Genève,1201,4,66,2990
Genève,1205,5.5,104,3419
Genève,1206,5,150,10000
Genève,1208,5,165,5800
Genève,1202,3.5,51,1950
Genève,1203,3,45,2240
Genève,1201,1,20,825
Genève,1203,4,76,2365
Genève,1207,3,62,2555
Genève,1206,3,80,3185
Genève,1204,6,145,7000
Genève,1202,6.5,162,6500
Genève,1201,6.5,220,12320
Genève,1205,4,65,2700
Genève,1201,3,63,2233
Genève,1204,2.5,32,3095
Genève,1201,4,93,5500
Genève,1209,5,150,4300
Genève,1204,2,55,2600
Genève,1201,3.5,100,4500
Genève,1203,6.5,141,4600
Genève,1208,5,195,8030
Genève,1203,1,16,1390
Genève,1202,6.5,162,6717
Genève,1204,6,290,9130
Genève,1205,7.5,191,7500
Genève,1201,3,45,1920
Genève,1208,4,80,3190
Genève,1201,4.5,127,4525
Genève,1206,7,180,7770
Genève,1201,4,80,3000
Genève,1201,7,197,5600
Genève,1204,4,119,3900
Genève,1201,8,245,13475
Genève,1202,6,180,5800
Genève,1208,7,223,9200
Genève,1206,3,57,3150
Genève,1202,3,61,2380
Genève,1201,4,86,3340
Genève,1201,4,90,3120
Genève,1201,4,88,3050
Genève,1202,1,36,2400
Genève,1203,2.5,47,2000
Genève,1205,3,52,2090
Genève,1204,5,100,4750
Genève,1202,4.5,132,5100
Genève,1208,5,120,3800
Genève,1205,1,30,1130
Genève,1202,6,145,4700
Genève,1204,7,315,10000
Genève,1202,4,75,3090
Genève,1206,8,250,10500
Genf,1208,2.5,78,5500
Genève,1201,3.5,85,4200
Genève,1202,3.5,76,2820
Genève,1231,4,96,3440
Genève,1209,4.5,132,5500
Genève,1209,6,210,9000
Genève,1201,4,86,3340
Genève,1206,5.5,180,7490
Genève,1201,2,52,2700
Genève,1202,3,51,2410
Genève,1201,4,90,3120
Genève,1206,11,450,28000
Genève,1204,4.5,74,2640
Genève,1204,6,180,7000
Genève,1203,6,200,9400
Genève,1201,6,300,8000
Genève,1204,7,315,10000
Genève,1206,6,205,7900
Geneva,1205,2.5,70,3650
Genève,1205,2,24,2300
Genève,1206,6,129,5600
Genève,1202,3.5,76,2820
Genève,1202,4,110,5100
Genève,1206,3,72,3250
Genève,1207,3,51,2120
Geneva,1201,1,28,3686
Genève,1203,4,120,3180
Genève,1201,4,90,3120
Genève,1204,1.5,24,1735
Genève,1206,7,200,7200
Genève,1206,8.5,225,8274
Genève,1209,6.5,134,4700
Genève,1207,1,25,2700
Genève,1203,1.5,20,980
Genève,1205,2,31,1490
Genève,1208,9,350,13420
Genève,1208,3,51,2300
Genève,1208,2,39,1400
Genève,1206,5,125,6450
Genève,1204,3.5,71,3350
Genève,1204,4.5,80,4600
Genève,1208,6,223,10000
Genève,1208,5,120,3800
Genève,1205,2,37,1710
Genève,1206,1,26,2040
Genève,1206,6,134,5899
Genf,1201,5,100,3800
Genf,1201,3,91,3500
Genève,1204,3,78,3550
Genf,1201,2,31,1950
Genève,1202,3,67,3050
Genève,1206,7,180,6700
Genève,1202,3,68,2050
Genève,1202,4,115,4600
Genève,1205,4,107,4150
Genève,1206,3,80,3500
Genève,1208,5,165,5900
Genève,1208,5,120,4950
Genève,1206,5,100,4750
Genève,1207,3,81,3400
Genève,1206,7,250,10000
Genève,1207,9,232,7740
Genève,1206,6,200,7320
Genève,1205,3,55,2191
Genève,1206,7,205,8900
Genève,1206,4.5,125,6450
Genf,1206,4.5,90,2745
Genf,1209,6,180,4600
Genf,1204,4,100,4250
Genf,1206,5.5,103,4472
Genève,1206,7,250,10000
Genf,1203,3.5,55,2363
Genf,1203,4.5,75,2513
Genf,1208,1.5,25,1990
Genf,1203,2.5,52,1515
Genf,1207,2,50,3200
Genève,1207,1,26,1630
Genf,1204,1,44,2400
Genf,1205,1,20,700
Genf,1209,4,107,5800
Genève,1209,6,220,8600
Genève,1207,3,40,3600
Genève,1205,4.5,90,2750
Genève,1201,4,120,5065
Genève,1206,3,90,3112
Genève,1209,5.5,140,5480
Genève,1201,3,66,2700
Genève,1204,6,300,10000
Genève,1209,4,118,4800
Genève,1209,5,170,5200
Genf,1206,4,130,1000
Genf,1202,2.5,47,1435
Genève,1206,6,150,4720
GENEVE,1207,3,69,2120
Genf,1209,5,99,3825
Genève,1206,8,300,10500
Genève,1201,8,280,14000
Genf,1205,3.5,70,2800
Genf,1201,3,38,2235
Genf,1200,3,45,971
Genf,1201,1.5,22,1246
Genf,1201,7,150,6100
Genf,1208,4,80,3250
Genf,1203,1.5,40,1800
Genf,1208,3.5,68,3000
Genf,1205,4.5,90,2750
Genf,1201,5,127,3065
Genf,1202,3.5,105,3189
Genève,1204,5,100,4100
Genf,1202,1,21,240
Genève,1207,3,40,3600
Genève,1206,6,180,7990
Genève,1207,9,230,7200
Genève,1206,6,130,4517
Genf,1206,1,15,880
Genève,1205,2,29,1330
Genève,1207,3.5,95,4311
Genf,1208,3,44,2133
Genève,1207,4,83,2699
Genève,1206,5,150,7500
Genf,1207,3,60,2200
Genf,1206,4,125,6450
Genf,1208,3,60,1630
Genève,1206,5.5,103,4472
Genève,1202,3,60,2410
Genève,1206,2,35,1740
Genève,1208,3,57,2080
Genève,1202,2,43,1619
Genève,1207,1,26,1340
Genf,1202,3,60,2480
Genf,1201,2,43,1400
Genf,1209,1.5,30,1058
Genf,1207,3,75,3000
Genf,1209,2,29,1250
Genf,1205,3.5,50,1200
Genf,1205,1.5,19,1660
Genf,1201,1.5,25,1200
Genf,1202,6,167,6340
Genf,1202,3.5,55,2100
Genf,1205,1.5,30,1700
Genf,1205,1.5,30,1450
Genf,1205,1.5,27,700
Genf,1202,5,89,3830
Genf,1200,1.5,40,2200
Genf,1201,2,40,1650
Genf,1200,3.5,85,2850
Genf,1200,4,85,3075
Genf,1208,5,100,2890
Genf,1207,3,70,2100
Genf,1206,1,18,870
Genf,1201,5,100,3680
Genf,1202,6,120,5200
Genf,1200,4,76,2400
Genf,1205,2,36,1400
Genf,1200,2,40,1500
Genf,1205,3,85,1500
Genf,1200,3,50,1600
Basel,4055,3.5,83,2615
Basel,4051,4.5,150,5735
Basel,4052,6,227,9500
Basel,4054,5.5,135,4900
Basel,4051,3,71,3445
Basel,4052,3,86,5275
Basel,4052,3,73,4225
Basel,4058,3.5,79,2536
Basel,4058,4.5,110,3300
Basel,4053,1,23,1407
Basel,4058,3.5,68,1955
Basel,4057,1,78,1910
Basel,4052,3.5,98,2685
Basel,4052,3.5,71,1707
Basel,4001,3,77,2190
Basel,4053,3.5,70,1895
Basel,4058,4.5,99,2520
Basel,4054,3,83,1990
Basel,4052,2.5,73,1820
Basel,4057,2,37,1370
Basel,4052,2.5,58,1540
Basel,4053,3.5,70,2028
Basel,4052,3.5,71,1978
Basel,4057,2,45,1470
Basel,4053,1,28,1515
Basel,4051,3.5,96,2235
Basel,4058,3,73,1435
Basel,4057,2.5,60,1870
Basel,4057,2.5,60,1780
Basel,4054,3,73,1690
Basel,4052,3,76,1910
Basel,4051,4,115,2750
Basel,4058,2.5,68,1363
Basel,4058,3.5,79,1950
Basel,4057,2,53,1040
Basel,4053,2.5,56,2100
Basel,4058,4,85,2200
Basel,4058,3.5,77,2050
Basel,4053,3.5,78,2243
Basel,4058,2.5,59,2050
Basel,4058,2.5,57,1570
Basel,4058,3,65,1620
Basel,4054,3,70,1450
Basel,4058,2.5,55,1540
Basel,4058,1.5,25,980
Basel,4058,1.5,41,1150
Basel,4058,2,46,1300
Basel,4057,2.5,54,1400
Basel,4051,1.5,31,1290
Basel,4051,4.5,113,3689
Basel,4057,2.5,58,1780
Basel,4001,2.5,69,2460
Basel,4052,4,112,2581
Basel,4052,5,143,3190
Basel,4051,2.5,48,1690
Basel,4051,4.5,122,3261
Basel,4051,2.5,71,1760
Basel,4058,2,54,1290
Basel,4052,3.5,71,1900
Basel,4052,2.5,56,1617
Basel,4055,4,88,1990
Basel,4056,4,94,2005
Basel,4057,2,58,1480
Basel,4057,3.5,64,1990
Basel,4054,3.5,58,2380
Basel,4054,2,82,1480
Basel,4058,3,70,1585
Basel,4058,1,103,2360
Basel,4051,2,49,1241
Basel,4058,2.5,60,1684
Basel,4058,2,66,2055
Basel,4058,3.5,90,2025
Basel,4052,2.5,56,1580
Basel,4052,4,118,3205
Basel,4057,5,119,2940
Basel,4052,5,112,2685
Basel,4059,5,109,2764
Basel,4058,4.5,99,3200
Basel,4058,4.5,105,2960
Basel,4058,2.5,60,1780
Basel,4052,2.5,56,1605
Basel,4052,5,145,3430
Basel,4051,2,69,1990
Basel,4052,2,57,1800
Basel,4052,3.5,141,3500
Basel,4052,6,186,4950
Basel,4058,3.5,70,2350
Basel,4055,3.5,87,1820
Basel,4052,3.5,86,2110
Basel,4051,3.5,111,2890
Basel,4051,2,69,1990
Basel,4057,1,29,1045
Basel,4058,1.5,99,2095
Basel,4052,3,71,1757
Basel,4057,1,29,1160
Basel,4052,4,90,2300
Basel,4057,2.5,41,1440
Basel,4053,4,133,2840
Basel,4051,2,52,1945
Basel,4051,3.5,146,2680
Basel,4052,3,71,2330
Basel,4058,3,70,1585
Basel,4056,3.5,97,2287
Basel,4058,2.5,49,1660
Basel,4058,1,120,2470
Basel,4058,2.5,49,1600
Basel,4058,4.5,105,2960
Basel,4052,3.5,125,3270
Basel,4051,3.5,95,2795
Basel,4053,4.5,133,4140
Basel,4051,2.5,87,1890
Basel,4052,2,52,1550
Basel,4058,3.5,81,2110
Basel,4058,4.5,110,2648
Basel,4051,2.5,71,1760
Basel,4054,4,113,2252
Basel,4052,3.5,71,1705
Basel,4058,3.5,74,3095
Basel,4053,3,72,1755
Basel,4051,1.5,44,1295
Basel,4052,4.5,131,3940
Basel,4052,4.5,117,3515
Basel,4058,3,75,1610
Basel,4053,3.5,82,1917
Basel,4054,2.5,80,1861
Basel,4056,3,60,1540
Basel,4055,5.5,164,4270
Basel,4056,3.5,76,2110
Basel,4058,2,99,1995
Basel,4053,1,27,1450
Basel,4058,3.5,128,3710
Basel,4057,2.5,87,1750
Basel,4001,3.5,131,4400
Basel,4055,3,57,1390
Basel,4051,1,58,1590
Basel,4054,3.5,90,2450
Basel,4051,3.5,109,3570
Basel,4001,2.5,62,1993
Basel,4052,3,73,1900
Basel,4057,4.5,86,2390
Basel,4056,2,70,1250
Basel,4054,1,30,889
Basel,4052,1,35,870
Basel,4057,2,104,2090
Basel,4052,3.5,91,2605
Basel,4058,2.5,56,1817
Basel,4052,2.5,79,2350
Basel,4054,3,78,1790
Basel,4058,2.5,67,2680
Basel,4058,4.5,118,3843
Basel,4052,1,32,880
Basel,4053,2.5,50,1580
Basel,4053,4.5,120,2620
Basel,4058,4.5,112,2620
Basel,4052,3,70,2030
Basel,4058,3.5,70,2065
Basel,4053,2.5,47,1190
Basel,4057,3.5,111,3450
Basel,4058,3,66,1430
Basel,4052,3.5,80,1900
Basel,4058,2.5,59,1499
Basel,4057,2.5,63,1738
Basel,4058,6.5,186,3350
Basel,4058,3.5,100,2250
Basel,4053,3,77,1575
Basel,4058,2.5,48,1505
Basel,4058,3.5,65,2450
Basel,4058,4.5,110,3180
Basel,4054,3,75,1762
Basel,4055,4.5,80,2285
Basel,4058,3.5,112,2687
Basel,4055,3,59,1370
Basel,4056,5.5,151,4124
Basel,4058,1,34,1285
Basel,4058,2,62,1750
Basel,4058,2.5,52,1730
Basel,4001,3.5,99,2628
Basel,4052,2.5,65,1700
Basel,4058,2,56,1460
Basel,4058,4.5,118,3620
Basel,4058,4.5,110,3170
Basel,4058,1.5,51,2140
Basel,4058,4.5,91,2630
Basel,4057,3,76,1780
Basel,4054,4.5,155,3246
Basel,4051,3,95,3230
Basel,4055,4,88,2070
Basel,4058,3.5,83,2361
Basel,4055,3.5,86,2135
Basel,4001,2,57,1868
Basel,4058,2.5,49,1675
Basel,4058,2.5,55,2105
Basel,4054,2,47,1445
Basel,4057,5.5,180,8600
Basel,4057,4.5,131,6265
Basel,4058,1,21,953
Basel,4058,2.5,49,1710
Basel,4052,4.5,118,3545
Basel,4058,4.5,108,3825
Basel,4057,3,60,1680
Basel,4051,4.5,255,4500
Basel,4057,4,82,2350
Basel,4057,1,31,1220
Basel,4057,3,71,2050
Basel,4054,3,66,2130
Basel,4054,1,26,1250
Basel,4054,3,65,2130
Basel,4057,2,45,1470
Basel,4058,3.5,66,1750
Basel,4055,5.5,165,4200
Basel,4055,4,76,1626
Basel,4054,2,55,1430
Basel,4051,1.5,66,1870
Basel,4054,4.5,109,3200
Basel,4053,1.5,72,2105
Basel,4057,1,27,1030
Basel,4053,2.5,39,1797
Basel,4057,2,54,1340
Basel,4052,2,68,1604
Basel,4051,2,69,1370
Basel,4053,2.5,49,1370
Basel,4055,3.5,73,1750
Basel,4056,3,70,1590
Basel,4057,1,32,850
Basel,4056,1.5,60,1360
Basel,4053,2.5,57,1410
Basel,4054,3.5,87,1650
Basel,4053,1,110,2500
Basel,4055,2,60,1150
Basel,4054,2,62,1880
Basel,4054,2.5,58,1740
Basel,4051,2.5,92,2150
Basel,4057,3.5,86,1940
Basel,4057,3.5,86,1960
Basel,4053,3,76,1830
Basel,4058,5,166,3950
Basel,4052,3.5,124,2450
Basel,4052,1,19,990
Basel,4058,1,16,890
Basel,4053,3,79,1790
Basel,4059,4.5,104,2620
Basel,4058,1.5,78,2020
Basel,4057,5.5,105,2500
Basel,4059,4.5,104,2680
Basel,4054,3,88,2425
Basel,4054,3.5,114,2980
Basel,4055,2.5,105,2220
Basel,4053,3,62,1750
Basel,4054,3,64,1510
Basel,4058,3,66,1600
Basel,4057,3.5,104,2120
Basel,4051,3,263,5140
Basel,4054,2,64,1490
Basel,4059,4.5,104,2630
Basel,4056,4.5,96,2840
Basel,4056,4.5,120,3600
Basel,4052,4,97,2330
Basel,4051,3.5,93,2770
Basel,4051,3.5,140,3510
Basel,4058,1.5,82,1990
Basel,4056,1.5,32,1210
Basel,4057,1,30,830
Basel,4058,3.5,70,1990
Basel,4058,3.5,71,2132
Basel,4052,2.5,62,1945
Basel,4051,3.5,95,1990
Basel,4055,3,70,1367
Basel,4051,2.5,74,2330
Basel,4058,2.5,54,1530
Basel,4053,2,58,1385
Basel,4056,2,47,1200
Basel,4058,3.5,72,1880
Basel,4052,1,26,685
Basel,4058,2.5,54,1800
Basel,4052,3.5,117,2800
Basel,4058,3.5,83,1794
Basel,4058,1,33,1040
Basel,4058,2.5,76,1970
Basel,4053,2.5,71,1814
Basel,4054,5,107,2690
Basel,4057,3,74,1730
Basel,4055,1,29,970
Basel,4057,2,52,1270
Basel,4058,2.5,49,1560
Basel,4058,3.5,97,2500
Basel,4055,2,44,1355
Basel,4057,3.5,64,1766
Basel,4053,2.5,76,1545
Basel,4052,3.5,126,2880
Basel,4058,3,69,1560
Basel,4052,2,60,1701
Basel,4058,2,69,1790
Basel,4058,2.5,67,2680
Basel,4058,2.5,49,1775
Basel,4058,2.5,55,2000
Basel,4057,2.5,50,1538
Basel,4051,2,53,1560
Basel,4057,2.5,53,1586
Basel,4056,3.5,76,2279
Basel,4051,5.5,240,4750
Basel,4058,2.5,49,1630
Basel,4057,1,35,1140
Basel,4058,2.5,80,2580
Basel,4054,3,67,1740
Basel,4057,2,45,1470
Basel,4058,3,79,1815
Basel,4057,2,55,1550
Basel,4051,2.5,84,2910
Basel,4051,3.5,89,2330
Basel,4058,2.5,46,1540
Basel,4058,3.5,100,1990
Basel,4056,2,46,1613
Basel,4057,2,63,1370
Basel,4053,2.5,85,2250
Basel,4051,2.5,64,2080
Basel,4052,3.5,98,3065
Basel,4053,1,25,1450
Basel,4058,3.5,70,2110
Basel,4056,2.5,50,1980
Basel,4052,2.5,71,1855
Basel,4052,2,38,1066
Basel,4057,1,31,1000
Basel,4052,4,133,4420
Basel,4055,3,75,1790
Basel,4054,2.5,53,1380
Basel,4054,2.5,58,1500
Basel,4055,2,56,1400
Basel,4056,1.5,40,2030
Basel,4056,1.5,40,1680
Basel,4056,1.5,40,1760
Basel,4057,3,75,1815
Basel,4056,1,13,990
Basel,4055,3,70,1820
Basel,4053,3.5,79,1875
Basel,4058,3,64,1565
Basel,4058,3,64,1545
Basel,4051,3,114,2770
Basel,4058,2,113,2395
Basel,4051,1.5,69,1770
Basel,4052,3.5,86,1920
Basel,4051,2.5,90,2550
Basel,4059,2.5,65,1790
Basel,4057,3.5,71,2190
Basel,4057,3.5,72,1740
Basel,4051,3.5,90,2040
Basel,4057,3,99,3198
Basel,4058,3,73,1785
Basel,4055,1,32,835
Basel,4052,3,74,1900
Basel,4054,3.5,102,1900
Basel,4058,2.5,49,1650
Basel,4059,2,60,1575
Basel,4054,3,78,1770
Basel,4058,2,61,1440
Basel,4051,2,65,1490
Basel,4053,3.5,82,1890
Basel,4057,2.5,60,1525
Basel,4052,4.5,124,3555
Basel,4058,4.5,96,2045
Basel,4057,3,63,1850
Basel,4057,3,70,1610
Basel,4058,2.5,51,1390
Basel,4054,3.5,77,1970
Basel,4054,3.5,75,1990
Basel,4052,3,72,1765
Basel,4051,3.5,86,2300
Basel,4052,3.5,112,3030
Basel,4054,3.5,83,2070
Basel,4054,2.5,72,1630
Basel,4055,4.5,104,2325
Basel,4057,1,14,740
Basel,4057,3.5,87,1830
Basel,4053,2,56,1790
Basel,4053,1.5,36,1280
Basel,4051,3.5,84,2265
Basel,4055,3.5,102,2390
Basel,4059,3.5,88,2860
Basel,4054,3,64,1420
Basel,4051,2.5,106,2890
Basel,4053,4,94,2350
Basel,4052,3.5,115,2490
Basel,4056,1,14,930
Basel,4055,1,15,970
Basel,4055,2,50,1300
Basel,4053,2,48,2600
Basel,4055,2.5,65,1619
Basel,4055,3,74,1815
Basel,4056,3.5,65,1590
Basel,4051,2.5,61,1570
Basel,4057,1.5,32,1170
Basel,4057,2,50,1370
Basel,4057,4.5,128,2235
Basel,4058,3,69,1850
Basel,4055,3.5,81,1920
Basel,4054,2,43,1465
Basel,4054,4,99,3000
Basel,4052,2.5,64,1830
Basel,4052,3.5,75,2187
Basel,4057,3.5,67,1795
Basel,4053,3,64,1770
Basel,4052,7.5,193,6000
Basel,4055,3,77,1765
Basel,4055,3,75,1860
Basel,4052,4,116,2730
Basel,4057,2.5,68,1700
Basel,4057,3,75,2030
Basel,4057,1,25,1080
Basel,4057,1.5,33,1190
Basel,4058,2.5,74,1990
Basel,4057,3,93,1940
Basel,4052,3,74,1690
Basel,4052,3,74,1640
Basel,4051,4.5,105,2470
Basel,4054,2,53,1305
Basel,4052,3,76,1870
Basel,4057,2,63,1930
Basel,4056,1,32,1040
Basel,4056,2.5,54,1550
Basel,4056,1.5,61,1634
Basel,4056,3,64,1730
Basel,4052,3,70,1900
Basel,4055,2,52,1130
Basel,4053,3,76,1895
Basel,4052,3,103,2750
Basel,4055,3,69,1673
Basel,4053,3,76,1860
Basel,4055,1,30,890
Basel,4055,3.5,71,1640
Basel,4058,3,77,1815
Basel,4058,1,24,880
Basel,4056,3,77,1733
Basel,4053,2.5,51,1440
Basel,4052,2,59,1545
Basel,4053,3.5,81,1880
Basel,4055,3,72,1720
Basel,4058,3.5,95,2155
Basel,4057,2,41,1850
Basel,4052,3,61,1490
Basel,4056,2.5,89,1720
Basel,4053,1,37,1165
Basel,4058,3,75,1605
Basel,4051,4.5,255,4500
Basel,4055,4.5,128,4280
Basel,4055,2.5,43,1490
Basel,4052,3,76,1930
Basel,4051,3,78,1900
Basel,4057,3,64,1670
Basel,4057,2.5,60,1650
Basel,4051,2.5,89,2855
Basel,4058,2.5,61,2120
Basel,4057,2.5,54,1830
Basel,4053,2.5,54,1373
Basel,4056,3,75,1757
Basel,4057,1,22,1200
Basel,4053,4.5,87,2050
basel,4055,4,83,2520
Basel,4051,2.5,173,4340
Basel,4053,2.5,45,1325
Basel,4057,1.5,34,1500
Basel,4058,1,28,1080
Basel,4057,2,44,1650
Basel,4058,4.5,92,1880
Basel,4058,3.5,70,1645
Basel,4053,1.5,36,1280
Basel,4054,3,88,1855
Basel,4058,1,28,1080
Basel,4055,2.5,57,1540
Basel,4056,2,53,1280
Basel,4057,2,61,1250
Basel,4053,3.5,84,1850
Basel,4057,4.5,108,3395
Basel,4055,2,54,1580
Basel,4057,3,73,1270
Basel,4057,5.5,176,7250
Basel,4053,1.5,105,2990
Basel,4058,3.5,111,2990
Basel,4052,3,77,2200
Basel,4058,1,27,1490
Basel,4055,3.5,108,2200
Basel,4056,1,32,940
Basel,4053,1.5,49,1570
Basel,4057,3.5,260,4600
Basel,4051,2,59,1470
Basel,4052,3.5,69,1952
Basel,4057,3,64,1850
Basel,4055,3,66,1598
Basel,4056,3,69,1850
Basel,4057,4.5,93,2280
Basel,4058,1,49,1390
Basel,4052,2.5,100,1907
Basel,4051,3.5,146,4350
Basel,4054,3.5,72,1830
Basel,4052,4.5,150,3840
Basel,4057,2,37,1270
Basel,4053,3.5,78,2400
Basel,4056,3.5,84,2410
Basel,4057,1.5,46,1480
Basel,4051,4.5,150,2650
Basel,4053,3,64,1800
Basel,4058,3,85,1685
Basel,4057,3,65,1790
Basel,4058,1,30,1090
Basel,4057,3.5,65,2075
Basel,4057,3.5,71,1880
Basel,4054,3.5,70,2950
Basel,4058,1.5,49,1075
Basel,4057,2.5,55,1611
Basel,4055,1,35,855
Basel,4055,1,32,920
Basel,4058,3.5,82,2400
Basel,4052,3.5,70,1640
Basel,4055,1.5,33,950
Basel,4053,1.5,39,1166
Basel,4053,1,34,1085
Basel,4056,2,61,1450
Basel,4055,2.5,56,1462
Basel,4054,3,69,2280
Basel,4057,4.5,154,3090
Basel,4051,2.5,51,3340
Basel,4055,1.5,32,1015
Basel,4052,2,68,1650
Basel,4054,2.5,65,1880
Basel,4057,1.5,28,1047
Basel,4052,3,70,1490
Basel,4057,2.5,45,1800
Basel,4057,1.5,28,1011
Basel,4057,1.5,36,1210
Basel,4055,4,89,1870
Basel,4052,1,37,1206
Basel,4055,2.5,66,1650
Basel,4053,3.5,69,1725
Basel,4057,1.5,53,1650
Basel,4058,2.5,73,1660
Basel,4056,3.5,83,2990
Basel,4058,3,125,2570
Basel,4056,1,30,1120
Basel,4052,2.5,65,2070
Basel,4058,3.5,75,2140
Basel,4057,3,68,1400
Basel,4053,2.5,68,1576
Basel,4057,3,68,1450
Basel,4058,2,55,1560
Basel,4055,2,54,1695
Basel,4052,3,78,1620
Basel,4052,3,72,1800
Basel,4056,2.5,58,1445
Basel,4057,4,103,3290
Basel,4059,2,84,1580
Basel,4051,2.5,54,1830
Basel,4056,3.5,82,2400
Basel,4056,2.5,64,1930
Basel,4056,2.5,64,1930
Basel,4055,3.5,81,2280
Basel,4057,2,54,1240
Basel,4052,4.5,104,2690
Basel,4051,2.5,84,2350
Basel,4058,2,49,1490
Basel,4053,3,82,2000
Basel,4055,2,74,1690
Basel,4057,2.5,44,1495
Basel,4051,2,42,1840
Basel,4052,3,69,2300
Basel,4055,1,40,1020
Basel,4058,3.5,72,2190
Basel,4053,3.5,100,2240
Basel,4053,1,18,790
Basel,4057,3.5,98,2480
Basel,4056,1,18,895
Basel,4054,5,99,2070
Basel-Stadt,4052,1.5,30,1280
Basel,4051,1,31,1000
Basel,4055,2,53,1370
Basel,4059,2,51,1021
Basel,4052,3,56,1980
Basel,4053,4.5,90,2200
Basel,4057,3,67,1670
Basel,4057,1,28,1050
Basel,4052,2.5,55,1890
Basel,4057,3,79,1985
Basel,4058,6.5,150,4500
Basel,4052,3.5,118,3291
Basel,4055,3.5,87,2700
Basel,4052,3.5,94,2705
Basel,4058,2,32,1350
Basel,4053,2,60,1480
Basel,4059,2.5,74,1760
Basel,4052,3.5,105,3650
Basel,4057,3.5,68,1720
Basel,4055,1,8,105
Basel,4057,2,41,1380
Basel,4057,2,35,1350
Basel,4058,2,49,1610
Basel,4057,3.5,61,1836
Basel,4056,2,70,2290
Basel,4056,3.5,69,1810
Basel,4052,1,17,1050
Basel,4057,1,30,720
Basel,4055,1,14,990
Basel,4055,1,17,990
Basel,4053,1.5,40,1050
Basel,4053,2,48,1320
Basel,4055,3,73,1780
Basel,4058,1.5,90,2365
Basel,4058,2.5,45,1470
Basel,4057,4,90,2600
Basel,4058,1.5,62,1730
Basel,4056,2.5,50,1620
Basel,4051,2,46,1270
Basel,4055,2,49,1480
Basel,4058,3.5,76,2190
Basel,4058,2.5,60,1740
Basel,4058,8,285,6900
Basel,4058,2.5,51,1718
Basel,4057,4.5,103,3200
Basel,4056,2,46,1780
Basel,4057,3,68,1700
Basel,4057,3,61,1500
Basel,4056,3,62,1570
Basel,4055,3,78,1855
Basel,4054,2,50,1440
Basel,4053,2,45,1300
Basel,4054,3.5,93,2320
Basel,4052,3.5,88,2450
Basel,4054,1,30,1325
Basel,4058,2,65,1690
Basel,4057,3.5,65,1690
Basel,4057,3,56,1650
Basel,4059,3.5,113,3700
Basel,4056,2,56,1570
Basel,4051,3.5,77,2030
Basel,4051,3,78,1990
Basel,4058,6.5,160,4400
Basel,4057,2,61,1350
Basel,4053,1.5,63,1580
Basel,4055,1,15,970
Basel,4052,3.5,73,1685
Basel,4051,2,45,2100
Basel,4055,2.5,64,1790
Basel,4058,3,78,1900
Basel,4052,2,65,1750
Basel,4053,3,78,1880
Basel,4059,4,94,2500
Basel,4054,4,82,2090
Basel,4052,3,79,1820
Basel,4053,2.5,56,1620
Basel,4052,2,53,1945
Basel,4057,3,66,1610
Basel,4055,3.5,89,2080
Basel,4052,3.5,73,1720
Basel,4053,3,67,1640
Basel,4057,3,85,2427
Basel,4055,3,73,1865
Basel,4053,3,75,1818
Basel,4053,2,48,2600
Basel,4053,3,66,1890
Basel,4058,3.5,81,1625
Basel,4058,2.5,60,1850
Basel,4052,2.5,92,2790
Basel,4058,2.5,60,1695
Basel,4056,3,83,1920
Basel,4052,3.5,74,2000
Basel,4056,3.5,83,2990
Basel,4001,2,40,1800
Basel,4058,5.5,148,3390
Basel,4054,2.5,63,1610
Basel,4052,4.5,120,3990
Basel,4058,3,81,1970
Basel,4057,2,48,1260
Basel,4055,2.5,59,1370
Basel,4056,3,76,1630
Basel,4055,3,79,1870
Basel,4055,3,79,1870
Basel,4057,2.5,50,1450
Basel,4056,3,75,1755
Basel,4053,3,77,1970
Basel,4055,4.5,125,2580
Basel,4053,1.5,105,2990
Basel,4055,3,79,1870
Basel,4052,4,107,2750
Basel,4053,2.5,51,3000
Basel,4055,2.5,70,1580
Basel,4053,3,76,1660
Basel,4054,1,34,1100
Basel,4053,1,32,970
Basel,4057,1.5,35,1165
Basel,4057,1,13,890
Basel,4054,4.5,116,3650
Basel,4054,1.5,69,2050
Basel,4056,1,28,870
Basel,4055,3,70,1500
Basel,4055,2,56,1500
Basel,4055,1,28,900
Basel,4052,2,59,1270
Basel,4052,3,71,1440
Basel,4056,3,60,1720
Basel,4052,3,70,1490
Basel,4053,1,35,1260
Basel,4056,3,69,1790
Basel,4058,3,78,1900
Basel,4058,1.5,45,1325
Basel,4058,1,29,1215
Basel,4058,3,68,2150
Basel,4058,3.5,66,2290
Basel,4054,3,63,1760
Basel,4051,5,175,5550
Basel,4056,3,75,1960
Basel,4053,3.5,131,2950
Basel,4058,2,29,1230
Basel,4057,3,64,1500
Basel,4058,1,36,920
Basel,4058,3,71,2190
Basel,4055,4,89,1848
Basel,4052,3,72,1670
Basel,4058,1,33,1200
Basel,4058,3.5,72,1990
Basel,4058,1.5,42,1230
Basel,4052,3.5,76,2070
Basel,4053,3.5,112,2480
Basel,4051,2,60,1520
Basel,4051,2,60,1520
Basel,4058,1,34,1410
Basel,4058,1,19,1090
Basel,4056,3,62,1398
Basel,4054,1.5,41,920
Basel,4056,2,45,1080
Basel,4057,1,30,1050
Basel,4059,2,45,1800
Basel,4054,1,120,3225
Basel,4057,2,50,1330
Basel,4057,2,42,1290
Basel,4055,3.5,60,1790
Basel,4053,3,78,1820
Basel,4052,2,54,1300
Basel,4057,2.5,59,1700
Basel,4052,3,79,2275
Basel,4057,3.5,101,1550
Basel,4057,4,70,1550
Basel,4057,4,70,1550
Basel,4053,2,57,1485
Basel,4056,2.5,50,1395
Basel,4052,3,77,1650
Basel,4055,5,148,2830
Basel,4055,2,43,1360
Basel,4054,2,62,1550
Basel,4055,3,65,1695
Basel,4057,5.5,216,6500
Basel,4058,2.5,54,1480
Basel,4055,4,78,2020
Basel,4052,3,78,1655
Basel,4053,3,70,1700
Basel,4058,2,52,1670
Basel,4058,2.5,52,1810
Basel,4051,2,56,1560
Basel,4057,3,64,1595
Basel,4053,2.5,66,1770
Basel,4054,3.5,72,1725
Basel,4056,3,69,1960
Basel,4057,1,20,650
Basel,4056,3,75,1450
Basel,4057,2.5,50,1300
Basel,4056,1,25,530
Basel,4057,2,40,1100
Basel,4051,1,15,300
Basel,4055,3.5,145,3760
Basel,4055,3.5,145,3760
Basel,4056,1,27,830
Basel,4053,2.5,43,1495
Basel,4057,4,104,2250
Basel,4052,3,86,2300
Basel,4056,3,62,1780
Basel,4057,2,50,1190
Basel,4058,3.5,55,1990
Basel,4057,2.5,63,1520
Basel,4055,1,28,1040
Basel,4056,3,69,1870
Basel,4055,3.5,70,1700
Basel,4052,2,32,1015
Basel,4057,1.5,36,940
Basel,4057,2.5,61,1447
Basel,4056,3.5,65,1650
Basel,4055,1,28,1025
Basel,4057,3,75,2280
Basel,4055,1,29,350
Basel,4058,3.5,70,1860
Basel,4057,2.5,56,1687
Basel,4058,1,10,300
Basel,4056,2,46,1610
Basel,4057,2.5,54,1300
Basel,4056,3,66,1950
Basel,4057,3.5,80,1660
Basel,4054,1,34,900
Basel,4052,6,150,4725
Basel,4053,1.5,60,3950
Basel,4053,1.5,60,3950
Basel,4055,2.5,63,1300
Basel,4055,1.5,35,900
Basel,4052,3.5,70,1850
Basel,4058,4,88,1850
Basel,4057,3,157,3100
Basel,4058,2.5,65,1900
Basel,4051,2.5,65,2690
Basel,4057,3,62,1320
Basel,4055,2.5,55,1300
Basel,4053,3.5,90,2950
Basel,4053,2.5,61,1407
Basel,4056,3,74,1675
Basel,4051,1.5,60,1800
Basel,4055,3.5,80,1730
Basel,4055,3,75,1645
Basel,4052,1,15,530
Basel,4054,4.5,120,3000
Basel,4053,3,70,4000
Langenthal,4900,4.5,125,2090
Langenthal,4900,2.5,70,1200
Langenthal,4900,7.5,150,2850
Langenthal,4900,3.5,140,1800
Langenthal,4900,4.5,88,1550
Langenthal,4900,2.5,146,2190
Langenthal,4900,4.5,99,1680
Langenthal,4900,4.5,117,2085
Langenthal,4900,3.5,81,1490
Langenthal,4900,5.5,106,1890
Langenthal,4900,3.5,105,1880
Langenthal,4900,4.5,100,1550
Langenthal,4900,3.5,82,1450
Langenthal,4900,3.5,82,1520
Langenthal,4900,3.5,81,1500
Langenthal,4900,7,141,3200
Langenthal,4900,4.5,113,2090
Langenthal,4900,3.5,97,1745
Langenthal,4900,4.5,157,1990
Langenthal,4900,4.5,97,1795
Langenthal,4900,2.5,61,1260
Langenthal,4900,3,67,1210
Langenthal,4900,3.5,78,1425
Langenthal,4900,4.5,107,2030
Langenthal,4900,3.5,63,1110
Langenthal,4900,3.5,77,1590
Langenthal,4900,4.5,90,1520
Langenthal,4900,4.5,91,1390
Langenthal,4900,5.5,121,2080
Langenthal,4900,3.5,69,1540
Langenthal,4900,3.5,84,1705
Langenthal,4900,4.5,84,1700
Langenthal,4900,4,74,1489
Langenthal,4900,5.5,157,2620
Langenthal,4900,3.5,76,1390
Langenthal,4900,4.5,96,1885
Langenthal,4900,3.5,78,1590
Langenthal,4900,4.5,102,1860
Langenthal,4900,3.5,92,1300
Langenthal,4900,4.5,97,1867
Langenthal,4900,4,81,1651
Langenthal,4900,4.5,108,1450
Langenthal,4900,4,80,1495
Langenthal,4900,4,80,1495
Langenthal,4900,3.5,75,1660
Langenthal,4900,1.5,76,1810
Langenthal,4900,3.5,137,1800
Langenthal,4900,3,62,1190
Langenthal,4900,2.5,61,960
Langenthal,4900,4.5,75,1290
Langenthal,4900,2.5,61,1280
Langenthal,4900,3.5,95,1750
Langenthal,4900,4.5,135,1945
Langenthal,4900,3.5,86,1690
Langenthal,4900,3.5,95,1610
Langenthal,4900,2,60,995
Langenthal,4900,3.5,81,1605
Langenthal,4900,4,92,1400
Langenthal,4900,3.5,68,1150
Langenthal,4900,4.5,90,1980
Langenthal,4900,3.5,61,1107
Langenthal,4900,3.5,76,1650
Langenthal,4900,4.5,110,2310
Langenthal,4900,4.5,80,1225
Langenthal,4900,2,52,960
Langenthal,4900,4,80,1475
Langenthal,4900,4,80,1475
Langenthal,4900,4.5,100,1690
Langenthal,4900,4.5,110,1890
Langenthal,4900,2.5,50,980
Langenthal,4900,3.5,93,1690
Langenthal,4900,4.5,85,1300
Langenthal,4900,4.5,82,1455
Langenthal,4900,3.5,84,2015
Langenthal,4900,2,64,1500
Langenthal,4900,4,80,1340
Langenthal,4900,4.5,108,2450
Langenthal,4900,4.5,104,1850
Langenthal,4900,4.5,73,1580
Langenthal,4900,4.5,73,1580
Langenthal,4900,3.5,80,1300
Langenthal,4900,3,64,1350
Langenthal,4900,1.5,50,940
Langenthal,4900,4.5,100,2080
Langenthal,4900,3,55,1250
Langenthal,4900,3.5,86,1510
Langenthal,4900,3.5,112,1500
Langenthal,4900,4,78,1460
Langenthal,4900,4,78,1460
Langenthal,4900,4.5,90,1580
Langenthal,4900,4.5,90,1580
Langenthal,4900,3.5,85,1450
Langenthal,4900,2,60,1100
Langenthal,4900,3.5,78,1648
Langenthal,4900,4.5,80,1554
Chur,7000,4.5,97,2600
Chur,7000,4.5,88,1810
Chur,7000,5,98,2095
Chur,7000,4.5,95,2065
Chur,7000,3.5,91,1990
Chur,7000,1,45,1175
Chur,7000,4.5,108,2350
Chur,7000,2,55,2290
Chur,7000,1,28,920
Luzern,6003,4,100,1780
Luzern,6003,3.5,15,965
Luzern,6014,3.5,96,2020
Luzern,6014,3.5,68,1970
Luzern,6014,2.5,91,1944
Luzern,6006,1,30,1000
Luzern,6003,2.5,67,2495
Luzern,6005,4.5,133,3590
Luzern,6003,5.5,170,3817
Luzern,6003,2.5,62,2189
Luzern,6003,2.5,65,2301
Luzern,6014,3.5,97,2110
Luzern,6015,3.5,79,2120
Luzern,6004,4.5,139,3400
Luzern,6003,3.5,90,3000
Luzern,6005,6,111,3140
Luzern,6014,3.5,88,2145
Luzern,6006,2.5,61,1542
Luzern,6006,2.5,71,1940
Luzern,6006,3.5,84,2295
Luzern,6003,3,77,1915
Luzern,6003,3.5,63,2600
Luzern,6005,3.5,75,1770
Luzern,6004,2.5,40,2299
Luzern,6006,3.5,68,1574
Luzern,6006,2.5,53,1660
Luzern,6003,2.5,52,1710
Luzern,6003,1,30,1010
Luzern,6003,4.5,228,5575
Luzern,6003,3.5,106,2329
Luzern,6006,3.5,100,5150
Luzern,6006,2.5,76,2400
Luzern,6003,1.5,27,1105
Luzern,6003,4.5,100,1965
Luzern,6006,3.5,93,2056
Luzern,6006,7.5,163,3340
Luzern,6003,4.5,127,4295
Luzern,6003,3.5,75,2100
Luzern,6003,3.5,80,1705
Luzern,6003,3,50,1890
Luzern,6003,2.5,75,2000
Luzern,6005,3.5,121,4650
Luzern,6006,4.5,122,2845
Luzern,6005,6,149,5800
Luzern,6005,3.5,121,4650
Luzern,6014,3,50,1540
Luzern,6005,2.5,80,1990
Luzern,6015,4,75,1700
Luzern,6005,3.5,95,2250
Luzern,6003,2,62,1675
Luzern,6014,3,50,1530
Littau,6014,4.5,80,2050
Luzern,6015,5.5,115,2800
Luzern,6006,5.5,99,2155
Luzern,6005,4,91,2100
Luzern,6003,4.5,140,3080
Luzern,6014,4.5,85,1765
Luzern,6003,3,87,2070
Luzern,6004,2.5,82,1980
Littau,6014,2.5,80,2200
Littau,6014,2.5,80,2400
Luzern,6003,2.5,45,1830
Luzern,6005,6.5,240,6450
Luzern,6006,2.5,66,1630
Luzern,6005,4.5,96,2540
Luzern,6006,3.5,78,2970
Luzern,6006,4.5,104,3800
Luzern,6003,3.5,72,2470
Luzern,6005,1,92,2750
Luzern,6004,1,23,950
Luzern,6006,6.5,203,24000
Luzern,6014,3.5,94,2140
Littau,6014,2.5,64,1790
Littau,6014,1.5,62,1750
Luzern,6003,4.5,113,3860
Luzern,6003,2.5,84,3970
Luzern,6006,4.5,112,3670
Luzern,6006,3.5,100,4180
Luzern,6006,3.5,80,3580
Luzern,6006,2.5,50,2030
Luzern,6014,1,20,600
Luzern,6003,3.5,92,2125
Luzern,6005,2.5,58,1615
Luzern,6006,2.5,52,3000
Luzern,6003,2.5,42,2130
Littau,6014,3.5,70,1750
Luzern,6004,3.5,80,2500
Luzern,6003,1.5,30,1390
Lucerne,6006,3.5,100,5150
Lucerne,6006,2.5,76,2400
Luzern,6005,3,75,2100
Luzern,6015,1.5,33,1400
Luzern,6005,5.5,137,4050
Luzern,6005,7.5,230,20000
Luzern,6003,1,10,890
Luzern,6003,1,11,710
Luzern,6005,2,30,1600
Luzern,6015,1,18,320
Luzern,6003,1,50,1350
Luzern,6003,3.5,140,2750
Luzern,6004,4,80,1950
Luzern,6003,1,22,810
Luzern,6003,1.5,63,850
Luzern,6006,2.5,80,2390
Luzern,6005,4,79,1964
Luzern,6005,2.5,100,1950
Luzern,6006,2.5,65,1995
Luzern,6014,2,140,2200
Luzern,6014,5,130,1960
Luzern,6014,2.5,140,1960
Luzern,6006,5.5,210,6200
St. Gallen,9000,1,23,1147
St. Gallen,9014,3.5,86,1800
St. Gallen,9014,2.5,76,1996
St. Gallen,9008,3.5,80,1895
St. Gallen,9008,3.5,92,1985
St. Gallen,9000,3.5,112,2145
St. Gallen,9008,2.5,52,1495
St. Gallen,9000,2.5,45,1090
St. Gallen,9008,4.5,86,1610
St. Gallen,9000,4.5,85,1700
St. Gallen,9000,4.5,119,2760
St. Gallen,9000,3.5,82,2450
St. Gallen,9000,3,66,1731
St. Gallen,9016,3,64,1480
St. Gallen,9008,2.5,75,1250
St. Gallen,9000,2.5,37,1280
St. Gallen,9000,3,54,2200
St. Gallen,9000,3.5,77,1530
St. Gallen,9000,2.5,80,2080
St. Gallen,9000,4.5,89,1940
St. Gallen,9000,4,72,1450
St. Gallen,9000,4.5,120,1590
St. Gallen,9014,2.5,50,860
St. Gallen,9000,2,37,1240
St. Gallen,9016,2.5,59,1725
St. Gallen,9016,2.5,83,1740
St. Gallen,9000,2.5,50,1210
St. Gallen,9000,4.5,113,2520
St. Gallen,9000,3.5,68,1870
St. Gallen,9008,1.5,31,1140
St. Gallen,9000,4,101,1850
St. Gallen,9000,2,54,1380
St. Gallen,9016,3.5,75,1540
St. Gallen,9000,6,160,2920
St. Gallen,9000,2,49,1220
St. Gallen,9016,3.5,101,1690
St. Gallen,9000,2.5,66,1595
St. Gallen,9014,4.5,122,2500
St. Gallen,9000,4,77,1600
St. Gallen,9014,3,53,1290
St. Gallen,9000,3.5,90,2000
St. Gallen,9000,3.5,97,2180
St. Gallen,9000,4.5,100,1985
St. Gallen,9000,4,76,1495
St. Gallen,9000,3.5,85,1920
St. Gallen,9014,3.5,91,1650
St. Gallen,9014,5.5,116,2000
St. Gallen,9014,4.5,100,1850
St. Gallen,9012,2,38,1060
St. Gallen,9008,3.5,79,1595
St. Gallen,9008,4.5,86,1700
St. Gallen,9016,4.5,130,2350
St. Gallen,9000,3.5,65,1470
St. Gallen,9008,2.5,63,1590
St. Gallen,9000,4,126,2020
St. Gallen,9014,4,87,1655
St. Gallen,9000,3.5,97,2051
St. Gallen,9008,3.5,94,1770
St. Gallen,9014,2.5,67,1450
St. Gallen,9016,3.5,79,1520
St. Gallen,9014,4,88,1600
St. Gallen,9000,4,83,1590
St. Gallen,9014,3.5,98,2090
St. Gallen,9012,1,28,920
St. Gallen,9000,4,74,1950
St. Gallen,9000,2.5,117,2340
St. Gallen,9014,3.5,85,1860
St. Gallen,9010,2.5,72,1795
St. Gallen,9000,4,86,1430
St. Gallen,9016,3.5,80,1550
St. Gallen,9000,2.5,52,1440
St. Gallen,9000,2,53,1200
St. Gallen,9014,2,46,920
St. Gallen,9008,3.5,77,1510
St. Gallen,9000,4,76,1625
St. Gallen,9000,4.5,116,1765
St. Gallen,9008,2.5,53,1180
St. Gallen,9014,5.5,115,2120
St. Gallen,9000,3.5,75,2300
St. Gallen,9000,4.5,113,2350
St. Gallen,9014,2.5,65,1490
St. Gallen,9014,3.5,114,2170
St. Gallen,9000,4,78,1400
St. Gallen,9014,2.5,73,1630
St. Gallen,9000,1,28,930
St. Gallen,9000,3.5,81,1940
St. Gallen,9000,3,69,1410
St. Gallen,9000,4.5,79,1590
St. Gallen,9000,1.5,46,1070
St. Gallen,9000,5.5,161,2320
St. Gallen,9012,1,26,930
St. Gallen,9000,3,85,1600
St. Gallen,9000,2,58,1090
St. Gallen,9000,3.5,72,1450
St. Gallen,9016,5.5,111,1910
St. Gallen,9014,4,134,2155
St. Gallen,9008,5.5,117,2350
St. Gallen,9008,5.5,112,2185
St. Gallen,9012,2.5,59,1354
St. Gallen,9000,1,23,740
St. Gallen,9000,2.5,73,1950
St. Gallen,9012,4.5,121,2225
St. Gallen,9014,1.5,32,890
St.Gallen,9000,4.5,92,2035
St. Gallen,9000,2.5,49,1270
St. Gallen,9000,2.5,46,1290
St. Gallen,9000,3,69,1350
St. Gallen,9000,3.5,97,2150
St. Gallen,9000,3.5,66,1650
St. Gallen,9000,2.5,36,1110
St. Gallen,9000,2.5,34,1090
St. Gallen,9000,2.5,42,1150
St. Gallen,9008,4.5,90,1790
St. Gallen,9016,3.5,76,1540
St. Gallen,9008,2.5,65,1390
St. Gallen,9000,1.5,33,1110
St. Gallen,9000,2.5,65,1350
St. Gallen,9016,2.5,52,1390
St. Gallen,9016,2.5,60,1290
St. Gallen,9014,3.5,78,1445
St. Gallen,9008,3.5,74,1490
St. Gallen,9014,4,85,1620
St. Gallen,9014,1.5,38,1050
St. Gallen,9000,1.5,41,1190
St. Gallen,9000,5.5,140,2628
St. Gallen,9000,4,97,2250
St. Gallen,9000,3,66,1606
St. Gallen,9000,5,103,1710
St. Gallen,9000,2.5,42,1270
St. Gallen,9014,4.5,106,2045
St. Gallen,9000,2.5,53,1790
St. Gallen,9000,2,40,920
St. Gallen,9000,3.5,76,1800
St. Gallen,9014,4,92,1790
St. Gallen,9000,3.5,80,2390
St. Gallen,9000,4.5,96,2160
St. Gallen,9000,2.5,63,1450
St. Gallen,9000,1.5,38,1140
St.Gallen,9000,1,31,1115
St. Gallen,9014,3.5,91,1750
St. Gallen,9000,4.5,102,2195
St. Gallen,9014,1.5,44,980
St. Gallen,9000,2.5,44,1490
St. Gallen,9000,4.5,96,2210
St. Gallen,9000,5.5,175,3275
St. Gallen,9000,2.5,39,1680
St. Gallen,9000,5.5,107,3790
St. Gallen,9000,3.5,57,1920
St. Gallen,9010,3.5,67,1505
St. Gallen,9000,1.5,52,1250
St. Gallen,9000,2,45,980
St. Gallen,9000,2,45,1310
St. Gallen,9000,3.5,70,1340
St. Gallen,9008,1.5,31,1080
St. Gallen,9000,3,65,1280
St. Gallen,9016,3,75,1300
St. Gallen,9000,2.5,29,1090
St. Gallen,9016,4.5,93,1770
St. Gallen,9000,3,78,1450
St. Gallen,9000,4.5,79,1630
St. Gallen,9000,2,32,990
St. Gallen,9000,3,69,1290
St. Gallen,9000,3.5,81,1940
St. Gallen,9000,4.5,115,1880
St. Gallen,9014,3,65,1250
St. Gallen,9011,3.5,134,2460
St. Gallen,9000,3.5,90,1490
St. Gallen,9000,1.5,28,1080
St. Gallen,9000,3.5,83,1550
St. Gallen,9000,1,19,890
St. Gallen,9016,4.5,115,2095
St. Gallen,9000,2,37,925
St. Gallen,9008,2.5,65,1390
St. Gallen,9008,4.5,84,1540
St. Gallen,9000,2.5,47,1170
St. Gallen,9000,3.5,83,1530
St. Gallen,9000,3.5,101,1760
St. Gallen,9014,2.5,106,2370
St. Gallen,9008,4,90,1650
St. Gallen,9000,1.5,41,1190
St. Gallen,9015,3.5,135,1900
St. Gallen,9000,2.5,62,1370
St. Gallen,9000,4.5,83,1724
St. Gallen,9000,4.5,164,3950
St. Gallen,9008,7.5,230,3100
St. Gallen,9016,6.5,171,3049
St. Gallen,9000,3.5,78,2340
St. Gallen,9000,6,153,1990
St. Gallen,9000,3.5,75,1900
St. Gallen,9000,1.5,33,1050
St. Gallen,9000,1.5,30,1000
St. Gallen,9000,3,64,1300
St.Gallen,9000,2.5,63,1635
St.Gallen,9000,3,50,1510
St.Gallen,9000,1,22,835
St.Gallen,9000,3,50,1500
St. Gallen,9000,4.5,123,2556
St. Gallen,9000,2.5,90,1997
St. Gallen,9000,2.5,46,1450
St. Gallen,9000,4.5,96,2220
St. Gallen,9000,1,24,1290
St. Gallen,9000,1.5,30,1040
St. Gallen,9000,4,85,1530
St. Gallen,9008,3.5,70,1490
St. Gallen,9008,1,24,800
St. Gallen,9000,2,65,1340
St. Gallen,9000,2,52,1190
St. Gallen,9000,2,50,1245
St. Gallen,9000,1,26,685
St. Gallen,9015,2.5,58,1400
St. Gallen,9000,3.5,81,1480
St. Gallen,9008,1.5,33,1020
St. Gallen,9008,2.5,70,1430
St. Gallen,9000,3.5,66,1200
St. Gallen,9000,3.5,78,1920
St. Gallen,9012,1,23,780
St. Gallen,9000,3.5,85,1450
St. Gallen,9000,3,85,1590
St. Gallen,9016,4.5,91,1826
St. Gallen,9000,5,100,2046
St. Gallen,9000,1,22,900
St. Gallen,9000,1.5,23,850
St. Gallen,9014,3.5,80,1660
St. Gallen,9012,3,75,1790
St. Gallen,9000,5.5,115,1990
St. Gallen,9000,5,102,1930
St. Gallen,9008,3.5,120,1800
St. Gallen,9016,3.5,87,1600
St. Gallen,9008,3,58,1260
St. Gallen,9014,4.5,124,2160
St. Gallen,9000,3.5,75,1520
St. Gallen,9000,4,82,1465
St. Gallen,9008,2,30,940
St. Gallen,9008,3.5,68,2090
St. Gallen,9008,2.5,51,1630
St. Gallen,9008,2.5,51,1660
St. Gallen,9008,2.5,45,1490
St. Gallen,9008,3.5,78,2480
St. Gallen,9008,3.5,68,2100
St. Gallen,9000,4.5,90,1680
St. Gallen,9000,4,78,1470
St. Gallen,9000,5.5,155,2560
St. Gallen,9000,1,21,1000
St. Gallen,9000,3,58,1290
St. Gallen,9000,1,16,780
St. Gallen,9000,4,68,1350
St. Gallen,9008,3.5,84,1490
St. Gallen,9000,4,114,2090
St. Gallen,9016,3.5,106,2055
St. Gallen,9000,3.5,80,2390
St. Gallen,9012,3,71,1670
St. Gallen,9014,4.5,100,2850
St. Gallen,9012,3.5,86,1760
St. Gallen,9000,2.5,59,1340
St. Gallen,9000,2.5,49,1320
St. Gallen,9000,3.5,62,1520
St. Gallen,9000,2.5,79,1380
St. Gallen,9014,3.5,61,1450
St. Gallen,9008,4,80,1250
St. Gallen,9000,3,75,1355
St. Gallen,9000,3.5,66,1250
St. Gallen,9008,2,47,1292
St. Gallen,9000,1,25,843
St. Gallen,9000,3.5,66,1420
St. Gallen,9014,4.5,61,1450
St. Gallen,9000,3,56,1522
St. Gallen,9000,3,68,2200
St. Gallen,9000,3,68,2200
St. Gallen,9010,2,45,1200
St. Gallen,9015,5.5,210,3150
St. Gallen,9011,3,62,1443
St. Gallen,9000,1.5,41,1055
St. Gallen,9000,4.5,104,1900
St. Gallen,9012,3,65,1350
St. Gallen,9000,2.5,42,1130
St. Gallen,9008,1,30,890
St. Gallen,9015,6.5,133,2030
St. Gallen,9000,1.5,30,1050
St. Gallen,9000,4.5,105,2050
St. Gallen,9008,2.5,33,1135
St. Gallen,9016,3.5,70,1340
St. Gallen,9000,2.5,54,1380
St. Gallen,9000,1,25,900
St. Gallen,9000,2.5,54,1380
St. Gallen,9000,4,86,1980
St. Gallen,9014,2,24,1150
St. Gallen,9012,3.5,111,2450
St. Gallen,9000,4.5,81,1540
St. Gallen,9008,2,45,1090
St. Gallen,9000,4.5,95,1660
St. Gallen,9012,1.5,52,1080
St. Gallen,9016,1,25,735
St. Gallen,9000,3.5,80,1890
St. Gallen,9000,1,20,765
St. Gallen,9000,2,35,990
St. Gallen,9012,3.5,71,1570
St. Gallen,9000,2.5,60,1125
St. Gallen,9016,4.5,75,1430
St. Gallen,9000,3.5,80,1920
St. Gallen,9000,2.5,47,1210
St. Gallen,9000,1,23,790
St. Gallen,9016,3.5,80,1375
St. Gallen,9000,3,70,1050
St. Gallen,9000,2.5,80,1650
St. Gallen,9000,2,44,1390
St. Gallen,9000,3,65,1390
St. Gallen,9000,2.5,50,1270
St. Gallen,9000,2.5,54,1390
St. Gallen,9014,4,90,1710
St. Gallen,9000,1,22,1000
St. Gallen,9000,1,20,830
St. Gallen,9000,3,65,1590
St. Gallen,9000,1.5,40,1650
St. Gallen,9014,2,40,950
St. Gallen,9014,4,65,1210
St. Gallen,9008,3,70,1213
St. Gallen,9016,3.5,66,1670
St. Gallen,9016,3.5,67,1570
St. Gallen,9000,4,80,1290
St. Gallen,9000,2.5,50,1210
St. Gallen,9000,1.5,22,785
St. Gallen,9000,1,21,1090
St. Gallen,9000,1,22,790
St. Gallen,9000,1,14,600
St. Gallen,9000,2.5,60,1035
St. Gallen,9000,1,30,780
St. Gallen,9000,1.5,25,760
St. Gallen,9000,2.5,41,1380
St. Gallen,9000,2,40,850
St. Gallen,9016,3.5,87,1600
St. Gallen,9000,4,80,1405
St. Gallen,9016,1.5,31,1090
St. Gallen,9000,1,24,920
St. Gallen,9008,4,90,1375
St. Gallen,9014,3.5,77,1230
St. Gallen,9014,2.5,52,1272
St. Gallen,9014,3.5,77,1390
St. Gallen,9000,1,70,830
St. Gallen,9015,2,50,880
St. Gallen,9014,3.5,71,1390
